:100000000C9461080C945C410C9431410C940641B1
:100010000C94DB400C94B0400C9485400C945A40F6
:100020000C942F400C9492080C9492080C94920813
:100030000C9492080C94D6420C9492080C9492085A
:100040000C9492080C9492080C9492080C949208C8
:100050000C94AB420C9492080C9492080C94E53FDB
:100060000C9492080C94BB3F0C94913F0C94920812
:100070000C9492080C9492080C9492080C94920898
:100080000C9492080C9492080C9492080C94920888
:100090000C9492080C9492080C9492080C9487414A
:1000A0000C9492080C9492080C9492080C94920868
:1000B0000C9492080C9492080C9492080C94920858
:1000C0000C9492080C9492080C9492080C94673F3C
:1000D0000C943D3F0C9492080C94133F0C94E93E11
:1000E0000C9492080C94B5520C94C4530C94390B94
:1000F0000C94C70D0C94040B0C94B24F0C94310B60
:100100000C94F1330C9402520C94C00D0C943F0BE0
:100110000C94F4330C941D340C94F0080C94662E5B
:100120000C94932E0C94130B0C9496500C942A0A56
:100130000C94C02E0C9498120C9470520C94DD32D6
:100140000C9427520C94D0090C94B10D0C940C0B08
:100150000C94100B0C94E92D0C94F7330C9415347B
:100160000C94B00D0C94072E0C94790A0C94B05298
:100170000C9456430C947E320C94F6310C949C50A3
:100180000C946B090C94B9530C942B0B0C940D34F8
:100190000C94AE320C945D320C94230B0C94AE0D87
:1001A0000C94080B0C94280E0C943E0B0C94E25209
:1001B0000C94290C0C949F310C94430B0C9416094D
:1001C0000C94A5550C94FE0A0C94350B0C94FF333B
:1001D0000C9452530C947C330C941D0B0C94995238
:1001E0000C9402340C94AF0D0C94CB530C9413521A
:1001F0000C947D310C9494500C941F320C94225129
:100200000C949A500C94DE090C94ED2E0C9498509A
:100210000C945B310C940A340C945C090C94555585
:100220000C94CC080C94190B0C94392E0C942B0EB6
:100230000C94270B0C94F40D0C9435320000210023
:10024000240027002A002D003000330001010000A7
:10025000040107010A0100002200250028002B00EC
:100260002E003100340002010000050108010B01DD
:10027000000020002300260029002C002F0032005F
:100280000001000003010601090105050505070538
:1002900008080808020202020A0A08080404040402
:1002A000010101010101010103030303030303032E
:1002B000040707070C0C0C0C0C0C0C0C02020202BD
:1002C00006060606060606060B0B0B0B0B0B0B0BA6
:1002D0000102102020080810204010204080020158
:1002E000020108040201010204081020408080403D
:1002F000201008040201800402018040201008043C
:1003000002010804020101020408102040800102D9
:1003100004081020408000000A0B02090C0D0E0892
:1003200007030401000000000000000000000000BE
:1003300000000000000000000000000000000000BD
:10034000000012111000000000000000000000007A
:10035000000000000000000000000000000000009D
:10036000000000000000000000000000000000008D
:1003700000001FCC000C000000000000000008007E
:10038000300060000800300060000000022003FC24
:100390001E20022003FC1E200220000000000E1878
:1003A00011043FFF10840C78000000000F0010843F
:1003B0000F3800C0077818840078000000780F8498
:1003C00010C411240E9800E400840008080068009E
:1003D00070000000000000000000000000000000AD
:1003E000000007E01818200440020000000040024E
:1003F0002004181807E0000000000000024002403E
:1004000001800FF001800240024000000080008067
:1004100000800FF800800080008000000001000DC7
:10042000000E00000000000000000000000000803E
:100430000080008000800080008000800000000CB0
:10044000000C00000000000000000000000000069A
:10045000001800600180060018002000000007F06E
:10046000080810041004080807F000000000080441
:1004700008041FFC000400040000000000000E0C33
:1004800010141024104411840E0C000000000C18ED
:1004900010041104110412880C700000000000E028
:1004A0000320042408241FFC0024000000001F98DF
:1004B000108411041104108810700000000007F06F
:1004C00008881104110418880070000000001C0046
:1004D000100010FC13001C001000000000000E387B
:1004E00011441084108411440E38000000000700ED
:1004F000088C10441044088807F000000000000039
:100500000000030C030C00000000000000000000CD
:100510000001010600000000000000000000008053
:1005200001400220041008081004000002200220EC
:1005300002200220022002200220000000001004FD
:1005400008080410022001400080000000000E0096
:100550001200100C106C10800F00000003E00C184B
:1005600013E4142417C4082807D000000004003C3A
:1005700003C41C40074000E4001C000410041FFCDE
:100580001104110411040E880070000003E00C181F
:1005900010041004100410081C10000010041FFCAC
:1005A000100410041004080807F0000010041FFCD9
:1005B0001104110417C410040818000010041FFCD3
:1005C0001104110017C010000800000003E00C180F
:1005D0001004100410441C780040000010041FFC9C
:1005E00010840080008010841FFC100400001004A0
:1005F00010041FFC100410040000000000030001A0
:10060000100110011FFE10001000000010041FFC5C
:10061000110403801464181C1004000010041FFC53
:100620001004000400040004000C000010041FFC6F
:100630001F0000FC1F001FFC1004000010041FFC22
:100640000C04030000E010181FFC100007F008085D
:10065000100410041004080807F0000010041FFC28
:1006600010841080108010800F00000007F0081820
:1006700010241024101C080A07F2000010041FFCAC
:100680001104110011C011300E0C000400000E1CEA
:1006900011041084108410441C380000180010004D
:1006A00010041FFC100410001800000010001FF8B8
:1006B00010040004000410041FF8100010001E00B5
:1006C00011E0001C007013801C0010001FC0103CC3
:1006D00000E01F0000E0103C1FC000001004180CD8
:1006E000163401C001C01634180C100410001C0090
:1006F000130400FC13041C00100000000804101C6C
:100700001064108413041C04101800000000000082
:1007100000007FFE40024002400200000000300066
:100720000C0003800060001C000300000000400279
:10073000400240027FFE00000000000000000000B8
:1007400020004000400040002000000000010001A7
:100750000001000100010001000100010000400053
:100760004000200000000000000000000000009891
:10077000012401440144014400FC000410001FFC5A
:10078000008801040104008800700000000000706F
:1007900000880104010401040088000000000070CA
:1007A00000880104010411081FFC0004000000F887
:1007B000014401440144014400C800000000010458
:1007C00001040FFC1104110411001800000000D6F0
:1007D00001290129012901C90106000010041FFC9B
:1007E000008401000100010400FC00040000010479
:1007F000190419FC000400040000000000000003BC
:1008000000010101190119FE0000000010041FFC85
:100810000024004001B4010C010400000000100499
:1008200010041FFC0004000400000000010401FC8F
:100830000104010001FC0104010000FC010401FCB1
:10084000008401000100010400FC0004000000F825
:10085000010401040104010400F80000010101FF8A
:100860000085010401040088007000000000007091
:10087000008801040104010501FF000101040104D5
:1008800001FC00840104010001800000000000CC94
:10089000012401240124012401980000000001002A
:1008A000010007F80104010400000000010001F844
:1008B000000400040004010801FC000401000180A0
:1008C0000170000C001001600180010001F0010CBA
:1008D000003001C00030010C01F0010000000104F3
:1008E000018C00740170018C010400000101018180
:1008F0000171000E001801600180010000000184F8
:10090000010C013401440184010C000000000000CE
:100910000000000001003EFC400240020000000018
:1009200000000000FFFF0000000000000000400287
:1009300040023EFC010000000000000000006000DA
:1009400080008000400040002000200000000000E7
:100950000000000000000000000000003F40000018
:1009600000000000000030004000300040000000A7
:1009700009000BC03D000BC03D00090018C0244019
:100980007FE0224031800000180024C01B000D8051
:100990003240018003801C4027401C8007400040FB
:1009A00010006000000000000000000000000000D7
:1009B00000001F80204040200000402020401F8079
:1009C00000000000090006001F800600090000006A
:1009D000040004003F8004000400000000100060D8
:1009E00000000000000000000400040004000400F7
:1009F00004000000000000400000000000000000B3
:100A0000002001C006003800400000001F80204088
:100A1000204020401F800000000010403FC00040E8
:100A20000000000018C0214022402440184000006F
:100A300010802040244024401B80000002000D0054
:100A400011003FC0014000003C802440244024406D
:100A5000238000001F802440244034400380000095
:100A60003000200027C03800200000001B802440F8
:100A7000244024401B8000001C0022C02240224051
:100A80001F8000000000000008400000000000007F
:100A900000000000046000000000000000000400EE
:100AA0000A001100208040400900090009000900E7
:100AB0000900000000004040208011000A000400EE
:100AC0001800200023402400180000001F80204050
:100AD000274029401F400000004007C039000F0098
:100AE00001C0004020403FC0244024401B80000043
:100AF0001F802040204020403080000020403FC028
:100B0000204020401F80000020403FC024402E4055
:100B100030C0000020403FC024402E0030000000C4
:100B20000F001080204022403380020020403FC050
:100B3000040004003FC02040204020403FC020402F
:100B4000204000000060202020203FC02000200026
:100B500020403FC024400B0030C0204020403FC018
:100B600020400040004000C03FC03C0003C03C00AB
:100B70003FC0000020403FC00C4023003FC0200089
:100B80001F802040204020401F80000020403FC0A8
:100B900024402400180000001F802140214020E054
:100BA0001FA0000020403FC02440260019C0004084
:100BB00018C02440244022403180000030002040F2
:100BC0003FC020403000000020003F800040004037
:100BD0003F80200020003E0001C0070038002000B8
:100BE000380007C03C0007C038000000204039C072
:100BF000060039C0204000002000384007C03840BF
:100C000020000000304021C02640384020C00000B5
:100C1000000000007FE04020402000000000700045
:100C20000C000380004000000000402040207FE0D6
:100C30000000000000002000400020000000000034
:100C40000010001000100010001000100000000044
:100C50004000000000000000000002800540054048
:100C600003C0004020003FC0044004400380000057
:100C700000000380044004400640000000000380A0
:100C8000044024403FC00040000003800540054070
:100C900003400000000004401FC024402440200006
:100CA000000002E0055005500650042020403FC0DF
:100CB0000440040003C000400000044027C000407E
:100CC0000000000000100010041027E000000000E9
:100CD00020403FC00140070004C0044020402040A5
:100CE0003FC000400040000007C0040007C00400EF
:100CF00003C00000044007C00440040003C00040DB
:100D0000000003800440044003800000041007F04A
:100D1000045004400380000000000380044004509D
:100D200007F00010044007C0024004000400000067
:100D3000000006400540054004C00000000004001B
:100D40001F80044000400000040007800040044071
:100D500007C000400400070004C001800600040032
:100D6000060001C0070001C006000000044006C0E4
:100D7000010006C0044000000410071004E00180D8
:100D8000060004000000044005C0064004400000C6
:100D90000000000004007BE0402000000000000094
:100DA0000000FFF000000000000040207BE0040095
:100DB00000000000400080004000200020004000B3
:100DC000000000000000000000005F0000000000C4
:100DD000000007000700000000147F147F140000CB
:100DE00000242A7F2A1200000023130864620000F6
:100DF00000060909060000000000050300000000CD
:100E0000001C2241000000000041221C00000000E4
:100E100000082A1C2A0800000008083E08080000F4
:100E200000A060000000000000080808080800009A
:100E300000606000000000000020100804020000B4
:100E4000003E5149453E00000000427F4000000046
:100E500000625149494600000022414949360000DC
:100E6000001814127F100000002745454539000086
:100E7000003C4A49493000000001710905030000A7
:100E8000003649494936000000064949291E00003C
:100E900000003636000000000000AC6C00000000CE
:100EA000000814224100000000141414141400005F
:100EB0000041221408000000000201510906000050
:100EC00000324979413E0000007E0909097E000098
:100ED000007F494949360000003E4141412200005F
:100EE000007F4141221C0000007F49494941000028
:100EF000007F090909010000003E414151720000D4
:100F0000007F0808087F00000000417F41000000CA
:100F1000002040413F010000007F081422410000F2
:100F2000007F404040400000007F020C027F000034
:100F3000007F0408107F0000003E4141413E000058
:100F4000007F090909060000003E4151215E0000B2
:100F5000007F09192946000000264949493200004E
:100F60000001017F01010000003F4040403F0000C0
:100F7000001F2040201F0000003F4038403F00007D
:100F800000631408146300000003047804030000E5
:100F90000061514945430000007F414100000000CD
:100FA00000020408102000000041417F0000000002
:100FB00000040201020400000080808080800000A4
:100FC0000001020400000000002054545478000086
:100FD000007F4844443800000038444428000000A2
:100FE00000384444487F000000385454541800002E
:100FF00000087E09020000000018A4A4A47C0000E0
:10100000007F08040478000000007D00000000005C
:101010000080847D00000000007F10284400000054
:1010200000417F4000000000007C041804780000AC
:10103000007C08047C0000000038444438000000B4
:1010400000FC24241800000000182424FC000000E8
:1010500000007C08040000000048545424000000F4
:1010600000047F4400000000003C40407C00000081
:10107000001C2040201C0000003C4030403C000090
:101080000044281028440000001CA0A07C000000A0
:10109000004464544C440000000836410000000045
:1010A00000007F0000000000004136080000000042
:1010B000000201010201000000020505020000001B
:1010C000564311241FBECFEFD1E2DEBFCDBF00E0FB
:1010D0000CBF1AE0A0E0B2E0E8E8F6EB00E00BBFDE
:1010E00002C007900D92A236B107D9F721E1A2E61E
:1010F000BAE001C01D92AC3CB207E1F718E0C1E6CE
:10110000D8E000E006C021970109802FFE010E946F
:101110000F58C036D10780E00807A9F70E946A443B
:101120000C94425B0C940000CF93DF93EC01E885B4
:10113000F9851995688379838A839B831C821D8234
:101140001E821F8281E08A87DF91CF9108953FB789
:10115000F8948091FC0B9091FD0BA091FE0BB09147
:10116000FF0B26B5A89B05C02F3F19F00196A11DC6
:10117000B11D3FBFBA2FA92F982F8827BC01CD01E1
:10118000620F711D811D911D42E0660F771F881F40
:10119000991F4A95D1F708952FB7F8946091F80BED
:1011A0007091F90B8091FA0B9091FB0B2FBF089572
:1011B0000E94CC0828EE33E040E050E00E94A657A1
:1011C000CA01B90108958CBD9DBD089591E0909329
:1011D0003B0F80935D0F10923C0F10925E0F0895AD
:1011E00090910E0F80910D0F2FEF3FEF981748F45D
:1011F000E92FF0E0E351F14F208130E09F5F9093C1
:101200000E0FC901089590910E0F80910D0F2FEFD1
:101210003FEF981748F4E92FF0E0E351F14F2081B8
:1012200030E09F5F90930E0FC9010895AF92BF9277
:10123000CF92DF92EF92FF920F931F93CF93DF93A2
:101240006C017B018B01040F151FEB015E01AE18D1
:10125000BF08C017D10759F06991D601ED91FC91F3
:101260000190F081E02DC6011995892B79F7C50110
:10127000DF91CF911F910F91FF90EF90DF90CF9072
:10128000BF90AF900895FC01A089B1898C91A68987
:10129000B78982FD0FC09C91818D8F5F8F73228DE6
:1012A000821749F0A18DAE0FBF2FB11D5D969C93A3
:1012B000818F08958C910895FC01538D448D252FC5
:1012C00030E0842F90E0821B930B541710F0CF96E0
:1012D000089501970895FC01918D828D981761F012
:1012E000A28DAE0FBF2FB11D5D968C91928D9F5F29
:1012F0009F73928F90E008958FEF9FEF08958F92E4
:101300009F92AF92BF92EF92FF920F931F93CF9352
:10131000DF937B018C01D0E0C0E00E94CC08609399
:10132000680F7093690F80936A0F90936B0F80E63C
:101330009FE00E946B0997FF27C00E94CC08809015
:10134000680F9090690FA0906A0FB0906B0F6819AA
:1013500079098A099B098090640F9090650FA0908D
:10136000660FB090670F681579058A059B05F8F23E
:10137000CE01DF91CF911F910F91FF90EF90BF9021
:10138000AF909F908F9008958D30910589F3F8016B
:1013900081938F012196EC16FD0609F0BECFE8CFB0
:1013A000FC01918D828D981731F0828DE80FF11D2F
:1013B000858D90E008958FEF9FEF0895FC01918D4A
:1013C000228D892F90E0805C9F4F821B91098F7343
:1013D0009927089580E69FE00E94DE0921E0892B8D
:1013E00009F420E0822F08958DEF9FE00E94DE092E
:1013F00021E0892B09F420E0822F08958AE990E109
:101400000E94DE0921E0892B09F420E0822F089553
:10141000FC01A48DA80FB92FB11DA35ABF4F2C9169
:10142000848D90E001968F739927848FA689B78960
:101430002C93A089B1898C91837080648C93938D57
:10144000848D981306C00288F389E02D80818F7DFA
:1014500080830895EF92FF920F931F93CF93DF93B2
:10146000EC0181E0888F9B8D8C8D98131AC0E889E0
:10147000F989808185FF15C09FB7F894EE89FF89AF
:101480006083E889F98980818370806480839FBF4D
:1014900081E090E0DF91CF911F910F91FF90EF904D
:1014A0000895F62E0B8D10E00F5F1F4F0F7311275D
:1014B000E02E8C8D8E110CC00FB607FCFACFE88998
:1014C000F989808185FFF5CFCE010E94080AF1CF0E
:1014D000EB8DEC0FFD2FF11DE35AFF4FF0829FB70C
:1014E000F8940B8FEA89FB8980818062CFCF0C94BE
:1014F0002A0ACF93DF93EC01888D8823B9F0AA895B
:10150000BB89E889F9898C9185FD03C0808186FDBE
:101510000DC00FB607FCF7CF8C9185FFF2CF80810D
:1015200085FFEDCFCE010E94080AE9CFDF91CF9170
:101530000895CF93DF93EC010E94790AEA89FB8931
:1015400080818F7E8083EA89FB898081877F808389
:10155000EA89FB8980818F778083EA89FB89808192
:101560008F7D80838A8D898FDF91CF91089580E070
:1015700090E0892B29F00E94FE0981110E94000051
:1015800080E090E0892B49F080E090E0892B29F001
:101590000E94000081110E94000080E090E0892BF1
:1015A00029F00E94F40981110E94000080E090E07F
:1015B000892B29F00E94EA0981110C9400000895FA
:1015C0008150823108F05AC0E82FF0E08827E451BA
:1015D000F54F8F4F0C940F580C0B100BFE0A040B99
:1015E000080B3E0B130B190B1D0B230B270B2B0B9F
:1015F000310B350B3E0B390B3F0B430B80918000B9
:101600008F77809380000895809180008F7DF9CF3F
:1016100080918000877FF5CF84B58F7784BD089552
:1016200084B58F7DFBCF8091B0008F778093B00021
:1016300008958091B0008F7DF9CF809190008F77D1
:10164000809390000895809190008F7DF9CF8091D4
:101650009000877FF5CF8091A0008F778093A000C6
:1016600008958091A0008F7DF9CF8091A000877FA1
:10167000F5CF809120018F7780932001089580918C
:1016800020018F7DF9CF80912001877FF5CFCF9307
:10169000DF93282F30E0F901EA5EFC4F8491F901D5
:1016A000E053FD4FD491F901E657FD4FC491CC238F
:1016B000A1F081110E94E00AEC2FF0E0EE0FFF1F75
:1016C000E059FD4FA591B491EC91ED2381E090E0BC
:1016D00009F480E0DF91CF91089580E090E0FACFA7
:1016E0001F93CF93DF93282F30E0F901EA5EFC4F80
:1016F0008491F901E053FD4FD491F901E657FD4F74
:10170000C491CC23A9F0162F81110E94E00AEC2F7E
:10171000F0E0EE0FFF1FEA5AFD4FA591B4918FB78D
:10172000F894EC91111108C0D095DE23DC938FBFA3
:10173000DF91CF911F910895DE2BF8CFCF93DF93E8
:1017400090E0FC01E053FD4F249186579D4FFC0132
:1017500084918823C9F090E0880F991FFC01E45C14
:10176000FD4FA591B491FC01EA5AFD4FC591D4916A
:1017700061110DC09FB7F8948C91209582238C93B2
:101780008881282328839FBFDF91CF9108956230FD
:1017900051F49FB7F8943C91822F809583238C93CA
:1017A000E8812E2BEFCF8FB7F894EC912E2B2C9352
:1017B0008FBFEACF90917B00986090937B0020913F
:1017C000130290E4299F900111248770822B80934B
:1017D0007C0080917A00806480937A0080917A0006
:1017E00086FDFCCF809178009091790008958F92CA
:1017F0009F92AF92BF92CF92DF92EF92FF924B01F6
:101800005C010E94A7086B017C010E94A7086C196B
:101810007D098E099F09683E734081059105A8F3F3
:1018200021E0821A9108A108B10888EEC80E83E071
:10183000D81EE11CF11C81149104A104B10429F704
:10184000FF90EF90DF90CF90BF90AF909F908F90E0
:1018500008950895CF92DF92EF92FF920F931F9316
:10186000CF93DF93EC01CC80DD80EE80FF802A8572
:1018700060E070E0CB01222359F0E885F9851995E5
:10188000088119812A813B81601B710B820B930BAC
:101890006C0D7D1D8E1D9F1DDF91CF911F910F91AE
:1018A000FF90EF90DF90CF9008952091D20B260FFC
:1018B0003327331F21323105ECF42091350FFC0121
:1018C00090E080E0243069F082E00895A091D20B8E
:1018D0002191AC014055544FA40FB52FB11D2C934D
:1018E0000196861798F38091D20B680F6093D20B04
:1018F00080E0089581E008951092350F81E0809393
:10190000340F10920F0F61E084E10E94700B61E0D0
:1019100085E10E94700BE9EBF0E080818E7F80838F
:1019200080818D7F808388E48093B80085E48093F4
:10193000BC000895CF93DF9391E09093AF0B882381
:10194000B9F0C091B800D091BA008091BC008A7BF8
:101950008093BC0060E084E10E94700B60E085E150
:101960000E94700B0E947C0CD093BA00C093B80008
:10197000DF91CF9108958F929F92AF92BF92CF92B5
:10198000DF92EF92FF920F931F93CF93DF93D0914B
:101990005E0FD13208F0D7C0182FC0915D0F0E94A2
:1019A000A7086B017C018091350F81116BC082E02B
:1019B0008093350F1093340F8FEF8093330F109275
:1019C000320FD093310FADE3BFE0E1E1FFE080E003
:1019D000D81391C01092100F8091100FCC0FC82B0C
:1019E000C093100F80910F0F813009F088C01092C2
:1019F0000F0F0E94A7086B017C018091100F80934C
:101A0000BB008091370F9091380FA091390FB091A2
:101A10003A0F892B8A2B8B2BA1F00E94A7080091EB
:101A2000370F1091380F2091390F30913A0F6C1900
:101A30007D098E099F09061717072807390708F43B
:101A400042C08091BC0083FDD8CF85EC8093BC0060
:101A50000E94A7086B017C018091350F823009F448
:101A600050C08091330F8F3F09F46FC08091330FC6
:101A7000803209F46CC08091330F803309F469C05F
:101A800084E026C08091370F9091380FA091390FD4
:101A9000B0913A0F892B8A2B8B2B09F484CF0E94AB
:101AA000A7088090370F9090380FA090390FB09012
:101AB0003A0F6C197D098E099F0986169706A806AC
:101AC000B90608F070CF8091360F0E949A0C85E01D
:101AD00010923C0F10925E0F10923B0FDF91CF914E
:101AE0001F910F91FF90EF90DF90CF90BF90AF903C
:101AF0009F908F9008959D9191938F5F69CF85EE10
:101B0000A5CF8091370F9091380FA091390FB091E8
:101B10003A0F892B8A2B8B2B09F49ECF0E94A708A2
:101B20000091370F1091380F2091390F30913A0FF3
:101B30006C197D098E099F090617170728073907B1
:101B400008F08ACFC0CF81E0C3CF80E0C1CF82E070
:101B5000BFCF83E0BDCF81E00C94BB0C0895089506
:101B60000895E0910E0F80910D0FE81730F4F0E02A
:101B7000E351F14F808190E008958FEF9FEF08953A
:101B800080910D0F90910E0F891B990B0895CF92A4
:101B9000DF92EF92FF920F931F93CF93DF937C011D
:101BA000CB018A0120913B0F222389F0EB016B01CD
:101BB000C40ED51ECC15DD0569F06991D701ED91F4
:101BC000FC910190F081E02DC7011995F3CF642FAE
:101BD0000E94550CC801DF91CF911F910F91FF908A
:101BE000EF90DF90CF900895CF93DF931F92CDB702
:101BF000DEB7698320913B0F2223F9F020915E0F1D
:101C0000203258F021E030E0FC013383228390E061
:101C100080E00F90DF91CF91089580913C0FE82FE5
:101C2000F0E0E35CF04F998190838F5F80933C0FED
:101C300080935E0F81E090E0ECCF61E0CE010196F1
:101C40000E94550CF7CF682F87E391E10C94F40DB7
:101C500090E080E008950895FC01E61BF70B6817FB
:101C600079071CF0FB01E81BF90B9C01241B350BC9
:101C7000481759071CF09A01281B390BDA01A61BDB
:101C8000B70B641775071CF0DB01A41BB50B2E17EF
:101C90003F075CF0AE17BF072CF0860F971F959596
:101CA00087950895E217F3072CF0840F951FA2176C
:101CB000B307ACF7640F751FCB01F1CF0CB405FC73
:101CC0000DC09EBD00000DB407FEFDCF9EB58EBDBC
:101CD00000000DB407FEFDCF8EB508958EBD000047
:101CE0000DB407FEFDCF8EB59EBD00000DB407FEFE
:101CF000FDCF9EB5089560E08BE10E94700B60E01F
:101D00008DE10E94700B80E991E09093B10E809379
:101D1000B00E1092AE0E1092AD0E08954F925F92DB
:101D20006F927F928F929F92AF92BF92CF92DF92EB
:101D3000EF92FF920F931F93CF93DF9300D000D0C9
:101D4000CDB7DEB79E838D832A013B01FC01008560
:101D500011856801F12CE12C8285882309F455C096
:101D600080809180A280B380A70198012819390949
:101D70004A095B0964817581868197810E94D757E2
:101D8000A70198010E947C5729833A834B835C8387
:101D9000A5019401C301B2010E94D75789809A809E
:101DA000AB80BC80860E971EA81EB91EED81FE81F9
:101DB00084829582A682B78216950795ED81FE8171
:101DC0006481758186819781600F711F811D911DCE
:101DD000A70196010E947C57CA01B90126960FB649
:101DE000F894DEBF0FBECDBFDF91CF911F910F9151
:101DF000FF90EF90DF90CF90BF90AF909F908F902B
:101E00007F906F905F904F900895AB019201C70152
:101E1000B8010E94D757ED81FE8164837583868364
:101E2000978381E08287C8CF8FE60E94E60883E02F
:101E300090E00E94230E81E090E00E94230E0E9419
:101E4000AB0D61E084E00C94700B8F929F92AF9287
:101E5000BF92CF92DF92EF92FF9281116DC080917D
:101E6000EC0E81110BC090E080E0FF90EF90DF90CE
:101E7000CF90BF90AF909F908F9008958FE00E9479
:101E8000DA0B181619067CF76091CD0E7091CE0E04
:101E900090E080E0625E7F4F8F4F9F4F9B01AC01CF
:101EA0000E94D75729E233E040E050E00E947C577F
:101EB0002436310541055105ECF56091C30E709152
:101EC000C40E90E080E0625E7F4F8F4F9F4F9B017A
:101ED000AC010E94D7576B017C012EE334E040E057
:101EE00050E00E947C572B3431054105510514F513
:101EF000C701B60120EB34E040E050E00E947C577F
:101F00002233310541055105ACF4C701B6012CED72
:101F100035E040E050E00E947C5729313105410511
:101F2000510544F4C701B60124EC39E040E050E02B
:101F30000E947C57C90199CF8130F9F48091EC0E51
:101F4000882309F490CF8FE00E94DA0B1816190647
:101F50000CF089CF6091C70E7091C80E90E080E0C0
:101F600064577F4F8F4F9F4F9B01AC010E94D75703
:101F70002CED39E240E050E0DBCF8230D1F48FE04D
:101F80000E94DA0B181619060CF06DCF6091C30E83
:101F90007091C40E90E080E0625E7F4F8F4F9F4F44
:101FA0009B01AC010E94D7572CE63AE240E050E09A
:101FB000BFCF8091EC0E882309F455CFE091CD0E70
:101FC000F091CE0EE436F10508F44DCF4091C70EE6
:101FD0005091C80E8AE090E04530510508F445CF95
:101FE0009F01A4E6B0E00E94C8574B015C019A0132
:101FF000AEE1B0E00E94C857860E971EA81EB91E1B
:1020000080EF880E8AE0981EA11CB11C9F01AAE0F7
:10201000B0E00E94C8576B017C01DA012DEF3FEF61
:102020004FEF5FEF0E949B57A7019601260F371FC6
:10203000481F591F2851314041095109C501B401B8
:102040000E947C57BA01A9018FE491E10E948E0E93
:102050009B01AC01243631054105510524F023E6EE
:1020600030E040E050E02A303105410551050CF0E8
:1020700061CF2AE030E040E050E05CCF9C0181700D
:10208000992720FF02C08AE090E021FD889622FF78
:1020900002C080519F4F23FF02C0845E9D4F24FFEA
:1020A00002C08E5C9A4F25FF02C08C5F944F08954A
:1020B0009C018170992720FF02C08BE090E021FDF8
:1020C000489622FDC29623FF02C082599F4F24FFEB
:1020D00002C085519F4F25FF02C08C509E4F26FFA6
:1020E00002C0845B9B4F08958091A70B811161C052
:1020F0001092D00E1092CF0E2AE936ED3093640E76
:102100002093630E88E292E49093170C8093160C50
:102110003093190C2093180C80EE97E090939F0E4B
:1021200080939E0E30935C0B20935B0B60EE7FEFF1
:1021300070931B0C60931A0C20E038EF30935A0B0D
:102140002093590B1092600B10925F0B4FEF5FEFD3
:1021500050935E0B40935D0B1092A90E1092A80E47
:102160009093A70E8093A60E3093A20E2093A10EFB
:102170009093600E80935F0E4FE150E050935E0E9F
:1021800040935D0E9093D70E8093D60E7093D30E2E
:102190006093D20E3093E00E2093DF0E88E49AE431
:1021A0009093DE0E8093DD0E5093DC0E4093DB0E99
:1021B0000895813009F063C01092D00E1092CF0EB6
:1021C00080E098EF9093640E8093630E40E058E5B2
:1021D0005093170C4093160C9093190C8093180C85
:1021E00020E832E030939F0E20939E0E50935C0BBC
:1021F00040935B0B41E256EC50931B0C40931A0C3E
:1022000010925A0B1092590B1092600B10925F0BA8
:1022100067E07CEF70935E0B60935D0B1092A90EEC
:102220001092A80E60EE77E07093A70E6093A60E52
:102230009093A20E8093A10E3093600E20935F0EB8
:102240006CE470E070935E0E60935D0E3093D70E79
:102250002093D60E5093D30E4093D20E9093E00E5F
:102260008093DF0E88E49AE49093DE0E8093DD0E77
:1022700080EE9FEF9093DC0E8093DB0E089582300A
:10228000E9F71092D00E1092CF0E2BE43BE630937C
:10229000640E2093630E88E49AE49093170C809365
:1022A000160C3093190C2093180C20E832E0309370
:1022B0009F0E20939E0E90935C0B80935B0B61E2CC
:1022C00076EC70931B0C60931A0C10925A0B1092C0
:1022D000590B1092600B10925F0B90935E0B8093E2
:1022E0005D0B1092A90E1092A80E40EE57E050938D
:1022F000A70E4093A60E40E058EF5093A20E4093D5
:10230000A10E3093600E20935F0EECE4F0E0F093AA
:102310005E0EE0935D0E3093D70E2093D60E709331
:10232000D30E6093D20E5093E00E4093DF0E9CCFFD
:10233000813041F028F08230D1F0833049F10895A6
:102340000C947B0E61E08BE10E94700B60E08DE1EC
:102350000E94700B84EF91E09093B10E8093B00EC9
:102360008CE791E09093AE0E8093AD0E089560E0FF
:102370008BE10E94700B61E08DE10E94700B86E2A0
:1023800092E09093B10E8093B00E84EA91E0EACF90
:1023900061E08BE10E94700B61E08DE10E94700BA7
:1023A00084EC99E09093B10E8093B00E80EE91E0B2
:1023B000D9CFF8948BE00E94DA0B78948838910595
:1023C000FCF08F3B9105F4F0863F9105ECF08C32E8
:1023D00021E09207DCF0833621E09207CCF08A39C5
:1023E00021E09207BCF0813D21E09207ACF08830FB
:1023F00022E092079CF08E33924094F081E00895A1
:102400008AE0089589E0089588E0089587E00895B6
:1024100086E0089585E0089584E0089583E00895B6
:1024200082E00895F8948BE00E94DA0B9C01789486
:10243000863791054CF1835891098534910530F127
:10244000825591098534910518F183559109853498
:10245000910500F18555910985349105E8F0825583
:10246000910985349105D0F0835591098534910502
:10247000B8F08555910985349105A0F081E02C30A4
:1024800033408CF080E008958AE0089589E0089553
:1024900087E0089586E0089585E0089584E0089532
:1024A00083E0089582E00895F8948BE00E94DA0BAF
:1024B00078948236910564F19C01255631092B33BD
:1024C000310540F1205431092C33310528F12154D4
:1024D00031092733310510F12C53310927333105E8
:1024E000F8F02C5331092C333105E0F02154310937
:1024F0002C333105C8F0215431092C313105B0F0AD
:102500002152310981E02C35310588F080E00895B1
:102510008AE0089589E0089587E0089586E00895A7
:1025200085E0089584E0089583E0089582E00895A9
:10253000A895089508958EBD00000DB407FEFDCF47
:102540008EB50895CF93C82F662399F0409AF894DA
:1025500080915F0F81110FC042988CE591E00E943D
:10256000E3088C2F0E949B12429A289A7894CF916C
:1025700008954098ECCF2898F0CFCF93C62F60E015
:102580000E94A21261E08C2FCF910C94A2121F9393
:10259000CF93DF93182FEB01692F82E00E94BD12C9
:1025A000612F83E00E94BD126D2F86E00E94BD1254
:1025B0006C2F87E0DF91CF911F910C94BD12EAE060
:1025C000F1E0808180688083EBE0F1E080818068C9
:1025D0008083739860E08AEE0E94BD1260E28BEE09
:1025E0000E94BD126CE08CEE0E94BD1264EC8DEE78
:1025F0000E94BD1268E388EE0E94BD1260E189EE80
:102600000E94BD1261E081EF0E94BD1260E182EF85
:102610000E94BD1261E080E40E94BD1260E081E48E
:102620000E94BD1260E082E40E94BD1260E183E47A
:102630000E94BD126EE084E40E94BD1264E285E453
:102640000E94BD1264E086E40E94BD1260E587E44A
:102650000E94BD1262E088E40E94BD1263E189E439
:102660000E94BD1269E18AE40E94BD1269E18BE417
:102670000E94BD1266E18CE40E94BD126BE180E510
:102680000E94BD1261E381E50E94BD126FE282E506
:102690000E94BD126FE383E50E94BD126FE384E5E3
:1026A0000E94BD126EE385E50E94BD126FE286E5D1
:1026B0000E94BD126BE787E50E94BD1269E088E5C4
:1026C0000E94BD1266E089E50E94BD1266E08AE5BF
:1026D0000E94BD126CE08BE50E94BD126DE18CE59D
:1026E0000E94BD126CEC8DE50E94BD126BE18BE186
:1026F0000E94BD1261E08AE10E94BD126FE284E295
:102700000E94BD1267E585E20E94BD1268E883E27F
:102710000E94BD1264E388E10E94BD1261E089E17C
:102720000E94BD1260E081E00E94BD1268E88FE166
:102730000E94BD1265E070E080E090E00E94F70B1F
:1027400060E88FE10E94BD1265E070E080E090E0FB
:102750000E94F70B60E98FE10E94BD1265E070E016
:1027600080E090E00E94F70B60ED8FE10E94BD12C7
:1027700065E070E080E090E00E94F70B65E087E1A3
:102780000E94BD1260E086E30E94BD1268E388E209
:102790000E94BD1268E270E080E090E00E94F70BBA
:1027A0006FE388E20E94BD1268E186E10E94BD12DB
:1027B000739860E082E00E94BD1260E083E00E94B6
:1027C000BD1260E084E00E94BD126FEE85E00E94C1
:1027D000BD1260E086E00E94BD1260E087E00E94CA
:1027E000BD1261E088E00E94BD126FE389E00E94A3
:1027F000BD1269E170E080E090E00E94F70B739AEF
:102800000895CF93DF93813421E0920720F5613F53
:10281000710508F5EA019B01BC0180EF90E0821B85
:10282000930B0E94C71260E082E20E94A212409ABB
:10283000F89480915F0F811111C042988CE591E06E
:102840000E94E3088D2F0E949B128C2F0E949B12E6
:10285000429A289A7894DF91CF9108952898EECFE4
:102860008F929F92AF92BF92CF92DF92EF92FF92A0
:102870000F931F93CF93DF935C01EB017901E60E79
:10288000F71E6A01C80ED91ECE15DF0579F0450185
:102890008C149D0449F0A801BE01C4010E940114DA
:1028A0008FEF881A980AF4CF2196EECFDF91CF915F
:1028B0001F910F91FF90EF90DF90CF90BF90AF905E
:1028C0009F908F9008952F923F924F925F926F92B8
:1028D0007F928F929F92AF92BF92CF92DF92EF92B0
:1028E000FF920F931F93CF93DF9300D000D000D0BF
:1028F0001F92CDB7DEB76B01342E252E790128014A
:1029000026E02E9DA0012F9D500D11245C834B834A
:102910009A838983E981FA818191FA83E983882303
:1029200009F45EC090EE980F903608F08FE3805265
:10293000990B23E0880F991F2A95E1F74601B12CE6
:10294000A12C9C012054324F3E832D83ED81FE81CA
:10295000EA0DFB1DE49139862A86712C612C4E2FDD
:1029600050E058874F838F819885062C02C095953B
:1029700087950A94E2F780FF11C050E4851651E074
:10298000950660F489859A85803F910538F4820127
:102990009701A701BC01C4010E9430149FEF691A7E
:1029A000790AE985FA85EE0DFF1DFA87E987F8E0D7
:1029B0006F167104C1F62FEFA21AB20A8E0C9F1C7B
:1029C00038E0A316B10409F0C1CF4FE3C41641E0CB
:1029D000D40608F09FCF8B819C81C80ED91E9ACF58
:1029E0002A960FB6F894DEBF0FBECDBFDF91CF9110
:1029F0001F910F91FF90EF90DF90CF90BF90AF901D
:102A00009F908F907F906F905F904F903F902F900E
:102A10000895FF920F931F93CF93DF93F82EEB014E
:102A20008091E70E81112BC081E080935F0FE091D0
:102A30005D02F0E0E25DFD4F8081813031F5C091B3
:102A40005F0ED091600E0091CF0E1091D00E25E157
:102A500030E040E550E065E170E084EE90E00E94F7
:102A60003014F11019C008E41AE423E030E045E125
:102A700050E064EE70E08EEB94E00E946314DF910E
:102A8000CF911F910F91FF9008958230E1F6C09190
:102A90005D0ED0915E0ED7CF81E0F8120AC08E0194
:102AA00023E030E045E150E064EE70E082EC94E039
:102AB000E4CF82E0F8120AC08E0123E030E045E165
:102AC00050E064EE70E086EC94E0D7CF83E0F8123B
:102AD0000AC08E0123E030E045E150E064EE70E092
:102AE0008AEC94E0CACF84E0F8120AC08E0123E099
:102AF00030E045E150E064EE70E08EEC94E0BDCF54
:102B000085E0F8120AC08E0123E030E045E150E094
:102B100064EE70E082ED94E0B0CF86E0F8120AC077
:102B20008E0123E030E045E150E064EE70E086ED98
:102B300094E0A3CF87E0F8120AC08E0123E030E0D2
:102B400045E150E064EE70E08AED94E096CF88E0D5
:102B5000F8120AC08E0123E030E045E150E064EE57
:102B600070E083EE94E089CF89E0F8120AC08E010C
:102B700023E030E045E150E064EE70E08EED94E05B
:102B80007CCF8AE0F8127BCF8E0123E030E045E174
:102B900050E064EE70E082EE94E06FCFFF920F930E
:102BA0001F93CF93DF938091E70E81117EC081E068
:102BB00080935F0FF090E50EF11005C08091750EC7
:102BC000882309F44AC081E08093750E08E212E47C
:102BD00020E130E044E250E06AE070E08EE890E00E
:102BE0000E943014C091CF0ED091D00EFF2059F02A
:102BF0008E0123E030E045E150E064E270E087EED2
:102C000094E00E9463148E0123E030E045E150E03F
:102C100064E270E08AEE94E00E94631468EC70E075
:102C200080E090E00E94F70B0091DF0E1091E00E23
:102C300023E030E045E150E064E270E08AEE94E0A9
:102C40000E94631468EC70E080E090E0DF91CF9127
:102C50001F910F91FF900C94F70B8091E80E81115A
:102C60002AC00091CF0E1091D00E25E130E04AE548
:102C700050E065E170E08AE190E00E94301408E2E3
:102C800012E423E030E045E150E064E270E08FEED2
:102C900094E00E94631420E130E044E250E06AE0F6
:102CA00070E08EE890E00E943014DF91CF911F9188
:102CB0000F91FF9008958130C1F70091CF0E1091D0
:102CC000D00E25E130E04AE550E065E170E08AE1B0
:102CD00090E00E94301400EE1FEF23E030E045E169
:102CE00050E064E270E087EE94E00E94631400918B
:102CF000D60E1091D70ECFCF0F931F932091E70ED2
:102D000021110EC08C0181E080935F0F20E130E043
:102D100044E250E06AE070E08EE890E00E943014F7
:102D20001F910F910895FF920F931F93CF93DF93FD
:102D3000FF24F3948FE00E94DA0B02970CF454C046
:102D40008091E70E811119C08091DF0E9091E00E05
:102D50000E947C1664E670E080E090E00E94F70B31
:102D60008091CF0E9091D00E0E947C1664E670E0A8
:102D700080E090E00E94F70BDDCF8230D9F6F09230
:102D80005F0FC091CF0ED091D00E8E0129E130E0BF
:102D900043E750E062ED70E089E690E00E94301475
:102DA0000091DF0E1091E00E22E030E045ED50E0A2
:102DB00062E870E083EF94E00E94631468EC70E0D6
:102DC00080E090E00E94F70B8E0122E030E045EDBC
:102DD00050E062E870E083EF94E00E94631460E9E1
:102DE00071E080E090E0C6CFDF91CF911F910F910D
:102DF000FF900895CF92DF92EF92FF920F931F936F
:102E0000CF93DF938034E1E09E07C8F4603F710503
:102E1000B0F479016C01EB018B01040F151FC8019F
:102E2000003F110510F08FEE90E0C817D90738F475
:102E3000A701BE01C6010E9401142196F0CFDF91C7
:102E4000CF911F910F91FF90EF90DF90CF90089559
:102E5000CF92DF92EF92FF920F931F93CF93DF9366
:102E60008034E1E09E07D8F4603F7105C0F4790139
:102E70008B01EC016C01C40ED51EC60120E4C21604
:102E800021E0D20610F08FE391E0C817D90738F49B
:102E9000A701B801CE010E9401142196EECFDF9167
:102EA000CF911F910F91FF90EF90DF90CF900895F9
:102EB0002F923F924F925F926F927F928F929F924A
:102EC000AF92BF92CF92DF92EF92FF920F931F9338
:102ED000CF93DF9300D01F92CDB7DEB76C017C8318
:102EE0006B837A0129010091160C1091170C98013F
:102EF000A2010E94FA16520182E0A81AB1082B80A2
:102F00003C809FEF291A390A46018FEF881A980AE8
:102F10009801A501B101C4010E94FA166090180C35
:102F20007090190CC6018E0D9F1D9A8389839301A1
:102F3000A2016B817C810E94FA169301A501B10167
:102F400089819A8101970E94FA169801A7016B81E5
:102F50007C81C6010E942817570192E0A91AB10886
:102F60009801A501B101C4010E9428170B811C81A1
:102F7000040D151D9301A701B801C6010E94281771
:102F8000B801615071099301A501C4010E9428177D
:102F90000091CF0E1091D00E920123503109A7015C
:102FA000435051096B817C816E5F7F4FC601029651
:102FB0000E9430140F900F900F900F90DF91CF91DF
:102FC0001F910F91FF90EF90DF90CF90BF90AF9047
:102FD0009F908F907F906F905F904F903F902F9039
:102FE00008952F923F924F925F926F927F928F92AD
:102FF0009F92AF92BF92CF92DF92EF92FF920F9388
:103000001F93CF93DF9300D01F92CDB7DEB76C0133
:103010007C836B837A0129010091180C1091190CA3
:103020009801A2010E94FA16520182E0A81AB10882
:103030002B803C809FEF291A390A46018FEF881AAE
:10304000980A9801A501B101C4010E94FA16609086
:10305000160C7090170CC6018E0D9F1D9A838983E4
:103060009301A2016B817C810E94FA169301A50154
:10307000B10189819A8101970E94FA169801A701EE
:103080006B817C81C6010E942817570192E0A91A22
:10309000B1089801A501B101C4010E9428170B8154
:1030A0001C81040D151D9301A701B801C6010E94E2
:1030B0002817B801615071099301A501C4010E944C
:1030C00028170091CF0E1091D00E92012450310993
:1030D000A701445051096B817C816E5F7F4FC6010F
:1030E00002960E9430140F900F900F900F90DF9176
:1030F000CF911F910F91FF90EF90DF90CF90BF90F5
:10310000AF909F908F907F906F905F904F903F9087
:103110002F900895EF92FF920F931F93CF93DF9319
:1031200081E080935F0F2EE130E04CE350E06DECE6
:1031300070E082E890E00E94F117C091630ED09198
:10314000640E8E0122E030E045ED50E067E870E06B
:1031500089EF94E00E9463142CE230E048E250E0F2
:1031600068E070E08EE090E00E94F11724E030E02B
:1031700042E150E068E170E08EEF94E00E94631459
:103180002CE230E048E250E068E070E08AE091E054
:103190000E94F11724E030E042E150E062E171E08A
:1031A00080E095E00E9463142CE230E048EC50E0AF
:1031B00068E070E08CE390E00E9458172CE230E069
:1031C00048EC50E064E470E08CE390E00E94581713
:1031D000E090660E00919E0E10919F0EEE0CFF087F
:1031E000F701EC57FB4F22E030E044E150E061E4AE
:1031F00070E0808191810E946314F701E85EFD4FC9
:103200008E0122E030E040E550E061E470E0808132
:1032100091810E9463142EE130E040E550E06DE7BB
:1032200070E088E790E00E94F11722E030E044E887
:1032300050E06CE770E082E095E00E946314109229
:10324000670E27E330E046E450E064EB70E085E091
:1032500090E00E94F11722E030E04EEB50E064E194
:1032600070E08CEC98E00E94631422E030E045EDC1
:1032700050E06FE070E089E095E00E94631422E086
:1032800030E04EEB50E06EEC70E08EE095E00E9496
:10329000631422E030E04EEB50E06EEF70E081E529
:1032A0009BE00E94631422E030E045ED50E06EECBC
:1032B00070E083E195E00E94631422E030E045ED88
:1032C00050E064EF70E087E195E00E946314DF91C5
:1032D000CF911F910F91FF90EF9008952F923F9201
:1032E0004F925F926F927F928F929F92AF92BF9216
:1032F000CF92DF92EF92FF920F931F93CF93DF93C2
:10330000CDB7DEB72C970FB6F894DEBF0FBECDBF9A
:103310007C016B01422E1E830D83822F8695282E01
:10332000312C8FE391E09C01221933093C832B83DC
:1033300049835A83642C712CE981FA818191FA8343
:10334000E983882309F45CC02B813C812E153F055D
:1033500008F473018052990BAC0124E0440F551F0F
:103360002A95E1F76CE0689F9001699F300D112468
:10337000DC86CB86470110E000E0CA01845A9C4FEE
:1033800098878F83F901E45BF64FFA87E9873CE081
:10339000E985FA85431629F060E1461205C0EF8100
:1033A000F885E00FF11F5490AB84BC8488E0A80E30
:1033B000B11C57FE07C04D815E816B857C85C401C1
:1033C0000E940114550CEB85FC853196FC87EB8738
:1033D000CF018C199D096816790661F4FFEF8F1AE9
:1033E0009F0ADC86CB860F5F1F4F041580F2E20C2C
:1033F000F31CA2CF2B853C852A153B05D1F6F3CFD4
:103400002C960FB6F894DEBF0FBECDBFDF91CF91E3
:103410001F910F91FF90EF90DF90CF90BF90AF90F2
:103420009F908F907F906F905F904F903F902F90E4
:1034300008954F925F926F927F928F929F92AF9278
:10344000BF92CF92DF92EF92FF920F931F93CF9391
:10345000DF933C012C0181E0481A5108620186E0AB
:10346000CC0CDD1C8A95E1F7C0915F0BD091600B0D
:1034700010925F0FE090160CF090170C46018AE056
:10348000880E911C97014EE150E06BE070E0C401A2
:103490000E94FA1656018BE0A80EB11C97014CE170
:1034A00050E06CE070E0C5010E94FA160091180C23
:1034B0001091190C98014EE150E06BE070E0C601EC
:1034C000C6960E94FA1698014CE150E06CE070E05C
:1034D000C601C5960E94FA1697014CE250E06BE0D7
:1034E00070E0C4010E94281797014AE250E06CE0A6
:1034F00070E0C5010E94281798014CE250E069E293
:1035000070E0C4010E94281798014AE250E068E286
:1035100070E0C5010E94281700915D0B10915E0BB1
:1035200022E230E04DE251E06AE070E089E090E0B4
:103530000E94301483E04816510408F0A5C003E14E
:1035400010E09E0142E150E069E170E0C8010E9494
:10355000FA16085C1F4F033681E0180791F70FE257
:1035600010E09E014BE050E060E270E0C8010E9474
:10357000FA16085C1F4F073481E0180791F7E090B6
:103580005B0BF0905C0B870122E030E04DE650E0F1
:1035900081E06816710409F022C16DE470E08CE1ED
:1035A00095E00E94631422E030E04DE650E06DE8C3
:1035B00070E080E295E00E94631422E030E04DE686
:1035C00050E06DEC70E084E295E00E94631422E02C
:1035D00030E04DE650E06DE071E088E295E00E9459
:1035E000631400919E0E10919F0E22E030E04DE694
:1035F00050E06DE070E08CE295E00E9463148E0173
:1036000020E148E355E069E070E080E190E00E944D
:103610006E190091590B10915A0B2CE040E355E0C4
:103620006BE070E08EE190E00E946E198E0120E167
:1036300046E355E069E070E080E490E00E946E1996
:1036400020E14AE355E069E070E088E790E00E94FD
:103650006E1920E14EE355E069E070E080EB90E008
:103660000E946E1920E142E455E069E070E088EEC6
:1036700090E00E946E1920E146E455E069E070E0B8
:103680008EE191E00E946E19C3010497029708F041
:1036900095C0E0905B0BF0905C0B870122E030E07E
:1036A0004DE650E06DE070E084E06816710409F0CA
:1036B00081C18CE295E00E94631422E030E04DE687
:1036C00050E06DE470E08CE195E00E94631422E02C
:1036D00030E04DE650E06DE870E080E295E00E9459
:1036E000631422E030E04DE650E06DE071E088E2E6
:1036F00095E00E94631400919E0E10919F0E22E0AF
:1037000030E04DE650E06DEC70E084E295E00E9420
:10371000631403E110E09E014FE050E06BE170E0C4
:10372000C8010E94FA16045E1F4F073481E0180793
:1037300091F78E0120E148E355E069E070E080E117
:1037400090E00E946E190091590B10915A0B2CE0D9
:1037500046E555E06BE070E08EE190E00E946E1966
:103760008E0120E14CE555E069E070E083E490E0F3
:103770000E946E1920E14FE555E069E070E08BE7AB
:1037800090E00E946E1920E142E655E069E070E0A9
:1037900083EB90E00E946E1920E145E655E069E078
:1037A00070E08BEE90E00E946E1920E148E655E053
:1037B00069E070E083E291E00E946E19DF91CF91A1
:1037C0001F910F91FF90EF90DF90CF90BF90AF903F
:1037D0009F908F907F906F905F904F9008956DE0D5
:1037E00070E082E06816710409F074C08CE295E024
:1037F0000E94631422E030E04DE650E06DE870E096
:1038000080E295E00E94631422E030E04DE650E053
:103810006DEC70E084E295E00E94631422E030E0F9
:103820004DE650E06DE071E088E295E00E9463149F
:1038300000919E0E10919F0E22E030E04DE650E088
:103840006DE470E08CE195E00E9463148E0120E14C
:1038500048E355E069E070E080E190E00E946E1975
:103860000091590B10915A0B2CE040E355E06BE0AE
:1038700070E08EE190E00E946E198E0120E143EB32
:1038800057E069E070E083E490E00E946E1920E167
:103890004AE455E069E070E08BE790E00E946E1921
:1038A00020E14DE455E069E070E083EB90E00E9498
:1038B0006E1920E140E555E069E070E08BEE90E0A4
:1038C0000E946E1920E143E555E069E070E083E273
:1038D00091E0D8CE8CE295E00E94631422E030E0C3
:1038E0004DE650E06DE470E08CE195E00E946314D9
:1038F00022E030E04DE650E06DEC70E084E295E0CF
:103900000E94631422E030E04DE650E06DE071E08B
:1039100088E295E00E94631400919E0E10919F0E24
:1039200022E030E04DE650E06DE870E080E295E0A6
:103930000E9463148E0120E148E355E069E070E0E5
:1039400080E190E00E946E190091590B10915A0B82
:103950002CE040E355E06BE070E08EE190E00E94E7
:103960006E198E0120E143E756E069E070E088E4DB
:1039700090E00E946E1920E140E655E069E070E0B9
:1039800080E890E00E946E1920E143E655E069E08E
:1039900070E088EB90E00E946E1920E146E655E069
:1039A00069E070E080EF90E00E946E1920E143EB47
:1039B00057E08BCF8CE295E00E94631422E030E068
:1039C0004DE650E06DE470E08CE195E00E946314F8
:1039D00022E030E04DE650E06DE870E080E295E0F6
:1039E0000E94631422E030E04DE650E06DEC70E0A0
:1039F00084E295E00E94631400919E0E10919F0E48
:103A000022E030E04DE650E06DE071E088E295E0C4
:103A10000E94631403E110E09E014FE050E06BE16F
:103A200070E0C8010E94FA16025F1F4F093381E05F
:103A3000180791F78E0120E148E355E069E070E056
:103A400080E190E00E946E190091590B10915A0B81
:103A50002CE04BE655E06BE070E088E290E00E94DD
:103A60006E198E0120E141E755E069E070E086E5DE
:103A700090E00E946E1920E143EB57E069E070E0AE
:103A800087E990E00E946E1920E140E755E069E087
:103A900070E08DED90E00E946E1920E14AE455E05F
:103AA00087CEEF92FF920F931F93CF93DF931092E5
:103AB0005F0F20E430E040E351E068E070E087E031
:103AC00090E00E9458172EE030E04DE150E060E5B4
:103AD00070E082E190E00E9458172EE030E04DE166
:103AE00050E060E570E082E590E00E9458172EE01B
:103AF00030E04DE150E060E570E082E990E00E9446
:103B000058172EE030E04DE150E060E570E082EDC6
:103B100090E00E9458172EE030E04DE150E060E563
:103B200070E082E191E00E9458172EE130E04CE213
:103B300050E064E670E08AE090E00E94F117C091E6
:103B4000630ED091640E8E0122E030E04DE650E02D
:103B50006DE070E08CE295E00E9463142EE130E0AD
:103B60004CE250E064E670E08AE490E00E94F117D5
:103B700022E030E04DE650E06DE470E08CE195E04D
:103B80000E9463142EE130E04CE250E064E670E005
:103B90008AE890E00E94F11722E030E04DE650E024
:103BA0006DE870E080E295E00E9463142EE130E061
:103BB0004CE250E064E670E08AEC90E00E94F1177D
:103BC00022E030E04DE650E06DEC70E084E295E0FC
:103BD0000E9463142EE130E04CE250E064E670E0B5
:103BE0008AE091E00E94F11722E030E04DE650E0DB
:103BF0006DE071E088E295E00E9463148091AA0E66
:103C000090E00E94191A22E030E04BE950E06AE0AF
:103C100070E083E795E00E9463142EE130E040E518
:103C200050E062E970E08FE390E00E945817E09066
:103C30009E0EF0909F0E870122E030E049E950E0AF
:103C400066E770E08CE798E00E9463148E0122E042
:103C500030E04BE950E065EA70E088E795E00E94CB
:103C600063142EE130E040E550E062E970E086EE5A
:103C700090E00E945817870122E030E049E950E0C7
:103C800068E171E08DE795E00E9463148E0122E007
:103C900030E04DEC50E06AE070E08FE795E00E9484
:103CA00063142EE130E040E550E064EC70E08FE317
:103CB00090E00E94581722E030E04DEC50E065EAB9
:103CC00070E084E895E00E9463142EE130E040E566
:103CD00050E064EC70E086EE90E0DF91CF911F91B0
:103CE0000F91FF90EF900C945817CF92DF92EF92C4
:103CF000FF92CF93DF93EC0170E060E090E080E012
:103D00000E94C71260E082E20E94A212409A809153
:103D10005F0F81111CC04298C12C8CE2D82EEE247A
:103D2000E394F12C8D2F0E949B128C2F0E949B12EA
:103D300081E0C81AD108E108F108A1F7429A289A4F
:103D4000DF91CF91FF90EF90DF90CF90089528986A
:103D5000E3CFCF93DF93EC01EAE0F1E0808180686C
:103D60008083EBE0F1E0808180688083389A409A1C
:103D70003A9A429A209A289A6B9A739860E08AEE4F
:103D80000E94BD1260E28BEE0E94BD126CE08CEED0
:103D90000E94BD1264EC8DEE0E94BD1268E388EEB5
:103DA0000E94BD1260E189EE0E94BD1261E081EFC8
:103DB0000E94BD1260E182EF0E94BD1261E080E4CA
:103DC0000E94BD1260E081E40E94BD1260E082E4C6
:103DD0000E94BD1260E183E40E94BD126EE084E4A3
:103DE0000E94BD1264E285E40E94BD1264E086E494
:103DF0000E94BD1260E587E40E94BD1262E088E483
:103E00000E94BD1263E189E40E94BD1269E18AE467
:103E10000E94BD1269E18BE40E94BD1266E18CE450
:103E20000E94BD126BE180E50E94BD1261E381E555
:103E30000E94BD126FE282E50E94BD126FE383E52E
:103E40000E94BD126FE384E50E94BD126EE385E51A
:103E50000E94BD126FE286E50E94BD126BE787E506
:103E60000E94BD1269E088E50E94BD1266E089E506
:103E70000E94BD1266E08AE50E94BD126CE08BE5EF
:103E80000E94BD126DE18CE50E94BD126CEC8DE5C7
:103E90000E94BD126BE18BE10E94BD1261E08AE1DC
:103EA0000E94BD126FE284E20E94BD1267E585E2C6
:103EB0000E94BD1268E883E20E94BD1264E388E1BB
:103EC0000E94BD1261E089E10E94BD1260E081E0C4
:103ED0000E94BD1268E88FE10E94BD1265E070E0AB
:103EE00080E090E00E94F70B60E88FE10E94BD1235
:103EF00065E070E080E090E00E94F70B60E98FE100
:103F00000E94BD1265E070E080E090E00E94F70B37
:103F100060ED8FE10E94BD1265E070E080E090E00E
:103F20000E94F70B65E087E10E94BD1260E086E326
:103F30000E94BD1268E388E20E94BD1268E270E050
:103F400080E090E00E94F70B6FE388E20E94BD12D0
:103F500068E186E10E94BD1260E082E00E94BD122D
:103F600060E083E00E94BD1260E084E00E94BD1228
:103F70006FEE85E00E94BD1260E086E00E94BD12F7
:103F800060E087E00E94BD1261E088E00E94BD12FF
:103F90006FE389E00E94BD1261E070E080E090E094
:103FA0000E94F70BCE010E94751E739ADF91CF918C
:103FB00008952F923F924F925F926F927F928F92CD
:103FC0009F92AF92BF92CF92DF92EF92FF920F93A8
:103FD0001F93CF93DF9300D01F92CDB7DEB7FC01C4
:103FE0002081222309F4A0C09C838B830E94CC08EB
:103FF0002B013C01EB81FC8181859285A385B485F1
:10400000A3019201281B390B4A0B5B0BDA01C90192
:104010000397A105B10508F487C081E591E00E94EE
:10402000E30860E0EB81FC8181810E94700B81EBF1
:104030000E949B1281EC90E00E945E0E8C0163E076
:10404000169507956A95E1F70150104F81E990E0C8
:104050000E945E0E73E0969587957A95E1F7081BAE
:10406000190B0039F1E01F070CF44AC081E990E018
:104070000E945E0E81ED90E00E945E0E5C0123E0E6
:10408000B694A7942A95E1F781E990E00E945E0E2C
:104090006C0133E0D694C7943A95E1F781ED90E056
:1040A0000E945E0E4C0143E0969487944A95E1F796
:1040B00081E990E00E945E0E1C0153E03694279443
:1040C0005A95E1F780ED90E00E945E0E7C0190E051
:1040D00080E00E945E0E9A83898361E0EB81FC811F
:1040E00081810E94700B17FF14C0EB81FC81108648
:1040F0001782EB81FC8182818F3FB1F0108214C066
:10410000312C212C912C812CD12CC12CB12CA12C07
:10411000D9CF0039F1E01F07F4F4EB81FC81108660
:1041200017820B3411052CF30F900F900F900F9006
:10413000DF91CF911F910F91FF90EF90DF90CF9083
:10414000BF90AF909F908F907F906F905F904F90B7
:104150003F902F900895EB81FC8110870783A70182
:1041600083E0569547958A95E1F7B401C5010E9411
:104170002C0E8C0149815A8193E0569547959A956A
:10418000E1F7B101C6010E942C0EEB81FC81418652
:104190005286638674861483038396838583C4CF93
:1041A000CF93DF93EC01F8940E94D91F789481E0BB
:1041B0002F813885203931400CF480E0DF91CF9198
:1041C0000895CF93C82FF89460E089E10E94700BA6
:1041D0008DE591E00E94E3088C2F0E949B1261E024
:1041E00089E10E94700B7894CF9108958FE60E9428
:1041F000E60883E090E00E94230E81E090E00E94B8
:10420000230E0E94AB0D60E084E00E94700B809151
:10421000620E0E94E12060E08FE10E94700B81E05D
:104220008093E50E1092EC0E0E94CE1510925F0F57
:104230000895CF93DF93EC019A01AB01E889F989E6
:1042400082E08083211581EE38074105510599F1FF
:1042500060E079E08DE390E00E94A657BA01A901E1
:1042600041505109610971097695679557954795B0
:10427000CA01EC85FD859083EE85FF858083188ECD
:10428000EC89FD8986E08083EA89FB8980818061F1
:104290008083EA89FB89808188608083EA89FB8941
:1042A000808180688083EA89FB8980818F7D80831B
:1042B000DF91CF910895E889F989108280E190E03B
:1042C000D8CFCF93C82F8AE990E10E94990AC230D3
:1042D00089F130F4CC23A1F0C13009F1CF910895D8
:1042E000C430F1F190F1C530C9F740E052EC61E023
:1042F00070E08AE990E10E9419218FED95E00AC0F3
:1043000040EC52E160E070E08AE990E10E941921FE
:104310008AE895E09093290280932802DFCF40E855
:1043200055E260E070E08AE990E10E9419218BE992
:1043300095E0F0CF40E05BE460E070E08AE990E176
:104340000E9419218CEA95E0E5CF40E056E960E053
:1043500070E08AE990E10E9419218DEB95E0DACFB7
:1043600040E051EE60E070E08AE990E10E9419219E
:104370008EEC95E0CFCFCF93C82F8DEF9FE00E94BA
:10438000990AC23089F130F4CC23A1F0C13009F18F
:10439000CF910895C430F1F190F1C530C9F740E0F4
:1043A00052EC61E070E08DEF9FE00E9419218FEDEB
:1043B00095E00AC040EC52E160E070E08DEF9FE0D4
:1043C0000E9419218AE895E09093190280931802BF
:1043D000DFCF40E855E260E070E08DEF9FE00E94A3
:1043E00019218BE995E0F0CF40E05BE460E070E0FC
:1043F0008DEF9FE00E9419218CEA95E0E5CF40E027
:1044000056E960E070E08DEF9FE00E9419218DEB8E
:1044100095E0DACF40E051EE60E070E08DEF9FE094
:104420000E9419218EEC95E0CFCFFB010190002076
:10443000E9F73197AF01461B570B0C9416098F9281
:104440009F92AF92BF92EF92FF920F931F93CF93E1
:10445000DF93CDB7DEB7A1970FB6F894DEBF0FBEDE
:10446000CDBF7C01FA01CB0119A2223008F42AE069
:104470008E010F5D1F4F822E912CB12CA12CBF01FC
:10448000A50194010E94A657F901CA016A300CF5F2
:10449000605DD8016E938D01232B242B252B79F79A
:1044A00090E080E0109721F0BD01C7010E94152225
:1044B000A1960FB6F894DEBF0FBECDBFDF91CF91AE
:1044C0001F910F91FF90EF90BF90AF909F908F90B2
:1044D0000895695CDECF0F931F93CF93DF93EC01B8
:1044E0000E9415228C0160EF75E0CE010E9415221A
:1044F000800F911FDF91CF911F910F91089581300F
:1045000031F463EF75E08AE990E10C946B2282301C
:1045100029F463EF75E08DEF9FE0F7CF08950F93D7
:104520001F938091E70E811121C081E080935F0F7E
:104530000091CF0E1091D00E25E130E046E350E01F
:104540006EE870E084EF90E00E9430148091740E69
:1045500081110FC008E212E423E030E04EE850E0A1
:1045600064EF70E085EF95E00E9463141F910F9156
:104570000895E0915D02F0E0E859F14F80818111EA
:1045800014C00091D60E1091D70E23E030E04EE813
:1045900050E064EF70E089EF95E00E9463146DEFE6
:1045A00075E080E69FE00E946B22E0915D02F0E002
:1045B000E859F14F80818130C9F60091D20E1091F7
:1045C000D30E23E030E04EE850E064EF70E087EE79
:1045D00094E00E94631461E076E080E69FE01F9122
:1045E0000F910C946B2282E390E0A0E0B0E0809306
:1045F000640F9093650FA093660FB093670F6DE4FF
:104600007CE080E69FE00E946B2265E070E088E439
:104610009CE00E947F09885B934FFC01108268E454
:104620007CE08AE990E10C946B22CF93DF9384E6DF
:1046300090E0A0E0B0E08093640F9093650FA093AA
:10464000660FB093670F6DE47CE080E69FE00E9408
:104650006B2267E270E08EE79BE00E947F09EC012D
:10466000FC01E258F44F10826EE77BE08AE990E1AA
:104670000E946B22CE01DF91CF910895813039F4F1
:104680008AE990E10C9415228DEF9FE0FBCF8230F8
:10469000D9F30895CF92DF92EF92FF920F931F9379
:1046A000CF93DF93D82F0E94A7086B017C018091E4
:1046B000350F811165C0CD2F81E08093350F809338
:1046C000340F9FEF9093330F1092320F9D0F909302
:1046D000310F8093100F8091100F8E6D8093100F0B
:1046E00080910F0F813009F07FC010920F0F0E9450
:1046F000A7086B017C018091100F8093BB00809113
:10470000370F9091380FA091390FB0913A0F892B44
:104710008A2B8B2BA1F00E94A7080091370F1091D4
:10472000380F2091390F30913A0F6C197D098E099D
:104730009F09061717072807390708F442C0809118
:10474000BC0083FDD8CF85EC8093BC000E94A708F5
:104750006B017C018091350F813009F447C0809155
:10476000320F8D1710F4C091320FA1E1BFE0EDEED2
:10477000FEE080E08C1751F19D9191938F5FFACF0D
:104780008091370F9091380FA091390FB0913A0F67
:10479000892B8A2B8B2B09F48ACF0E94A7080091C2
:1047A000370F1091380F2091390F30913A0F6C1953
:1047B0007D098E099F09061717072807390708F092
:1047C00076CF8091360F0E949A0CC0E010920E0FA7
:1047D000C0930D0F8C2FDF91CF911F910F91FF9000
:1047E000EF90DF90CF90089585EEAECF8091370F98
:1047F0009091380FA091390FB0913A0F892B8A2BE5
:104800008B2B09F4A7CF0E94A7080091370F1091B6
:10481000380F2091390F30913A0F6C197D098E09AC
:104820009F09061717072807390708F093CFC9CF44
:10483000CF93DF938FE60E94E60883E090E00E942A
:10484000230E80E00E94BB0C81E090E00E944A238E
:1048500061E070E080E090E00E94F70B0E940309A5
:10486000EC010E94AB0DCE019927DF91CF91089505
:104870008FE60E94E60884E090E00E94230E80E02C
:104880000E94BB0C82E090E00E944A2361E070E04D
:1048900080E090E00E94F70B0E9403090E94030948
:1048A0000C94AB0D1F93CF93DF938FE60E94E60825
:1048B00084E190E00E94230E80E00E94BB0C82E025
:1048C00090E00E944A2361E070E080E090E00E9466
:1048D000F70B0E940309EC010E940309182F0E94A4
:1048E000AB0D84E0CC0FDD1F8A95E1F7C07FDF7050
:1048F000812F82958F708C0F9D2F911DDF91CF910D
:104900001F9108951F93CF93DF938FE60E94E608CF
:104910008EE190E00E94230E80E00E94BB0C82E0BA
:1049200090E00E944A2361E070E080E090E00E9405
:10493000F70B0E940309EC010E940309182F0E9443
:10494000AB0D84E0CC0FDD1F8A95E1F7C07FDF70EF
:10495000812F82958F708C0F9D2F911DDF91CF91AC
:104960001F910895AB01813089F4052E000C660B70
:10497000770B2AE08AE990E10C941F22052E000CA7
:10498000660B770B2AE08DEF9FE0F6CF8230B1F314
:1049900008950F931F93CF938091E20E882309F41B
:1049A00045C00E94140FC1E0C09300021092EC0EAB
:1049B0001092CE0E1092CD0E1092C80E1092C70E0D
:1049C0001092C40E1092C30E8091620E0E94E120DC
:1049D00060E08FE10E94700B8091D60E9091D70E0F
:1049E0000E947C160E94382410925F0F0091D40E12
:1049F0001091D50E22E030E04BEC50E066E470E020
:104A000087E592E00E94631467E572E082E592E038
:104A10000E942F58109251021092D90E1092D80E67
:104A2000C0935C02CF911F910F91089560E084E0E4
:104A30000E94700BB8CF80915D02882309F457C0A3
:104A400061E08FE10E94700B80910002882361F089
:104A50008091E20E882341F062E370E080E090E014
:104A60000E94F70B1092000260E087E10E94700B39
:104A700061E070E080E090E00E94F70B61E087E188
:104A80000E94700B8091620E805F0E94E1200E9464
:104A9000382461E084E00E94700B81E08093EC0E8A
:104AA0008093CC0E8093C60E8093C20E8093BB0E73
:104AB0008093B50E1092CB0E1092C50E1092C00EC0
:104AC0001092BA0E1092B40E8BE00E94470B892B05
:104AD00079F08091DF0E9091E00E0E947C1667E5E0
:104AE00072E082E592E00E942F58109251020895E0
:104AF0008091DB0E9091DC0EF0CFDF92EF92FF926F
:104B00000F931F93CF93DF9381E080935F0F80918A
:104B1000CF0E9091D00E0E94751EC091630ED09161
:104B2000640E8E0122E030E045E050E06AE070E083
:104B300085E096E00E94631422E030E04FE050E010
:104B40006AE070E08FE196E00E9463149E0144EBFE
:104B500050E06AE070E086E490E00E94FA169E0160
:104B600044EB50E06AE070E08CE990E00E94FA16B5
:104B70009E0144EB50E06AE070E08AEF90E00E9412
:104B8000FA1680915D028A3061F48091380281309A
:104B900059F48091790BC0915F0ED091600E8130F5
:104BA00069F0C8E4DAE40AC08230D9F78091790B61
:104BB000C0915D0ED0915E0E823099F78E0122E099
:104BC00030E04EE150E06AE070E089E396E00E9458
:104BD00063148091310C813009F063C022E030E031
:104BE0004EE150E063E171E08EE396E00E946314D1
:104BF0008091470C90E00E9458109F938F9340E45F
:104C0000E42E46E0F42EFF92EF921F9256E0D52E4E
:104C1000DF9289E69BE09F938F930E945F588E01FD
:104C200022E030E04EE150E069EB70E089E69BE085
:104C30000E94631480913C0C90E00E943E109F9370
:104C40008F93FF92EF921F92DF9283E69BE09F93F8
:104C50008F930E945F5822E030E04EE150E06AE519
:104C600070E083E69BE00E9463142DB73EB7205F9F
:104C70003F4F0FB6F8943EBF0FBE2DBF80915D022F
:104C8000893061F4809137028130A1F48091780BF2
:104C9000C0915F0ED091600E8130B1F0C8E4DAE4CB
:104CA00013C022E030E04EE150E063E171E08FEAB2
:104CB00096E09CCF823091F78091780BC0915D0E89
:104CC000D0915E0E823051F78E0122E030E04EE24C
:104CD00050E06AE070E084E496E00E946314809102
:104CE000300C813009F062C022E030E04EE250E04A
:104CF00063E171E08EE396E00E9463148091460CBC
:104D000090E00E9458109F938F9320E4E22E26E0BB
:104D1000F22EFF92EF921F9236E0D32EDF9289E6B9
:104D20009BE09F938F930E945F588E0122E030E0BA
:104D30004EE250E069EB70E089E69BE00E9463146C
:104D400080913B0C90E00E943E109F938F93FF92C6
:104D5000EF921F92DF9283E69BE09F938F930E94D6
:104D60005F5822E030E04EE250E06AE570E083E612
:104D70009BE00E9463148DB79EB740960FB6F894DF
:104D80009EBF0FBE8DBF80915D02883061F480911F
:104D900036028130A1F48091770BC0915F0ED091E3
:104DA000600E8130B1F0C8E4DAE413C022E030E0F4
:104DB0004EE250E063E171E08FEA96E09DCF8230F1
:104DC00091F78091770BC0915D0ED0915E0E82308D
:104DD00051F78E0122E030E04EE350E06AE070E0EF
:104DE0008AE396E00E94631480912F0C813009F0D1
:104DF00063C022E030E04EE350E063E171E08EE317
:104E000096E00E9463148091450C90E00E94581037
:104E10009F938F9380E4E82E86E0F82EFF92EF9226
:104E20001F9296E0D92EDF9289E69BE09F938F93A5
:104E30000E945F588E0122E030E04EE350E069EBC3
:104E400070E089E69BE00E94631480913A0C90E048
:104E50000E943E109F938F93FF92EF921F92DF92DA
:104E600083E69BE09F938F930E945F5822E030E09F
:104E70004EE350E06AE570E083E69BE00E94631435
:104E80002DB73EB7205F3F4F0FB6F8943EBF0FBE21
:104E90002DBF80915D02873061F4809135028130B1
:104EA000A1F48091760BC0915F0ED091600E81309D
:104EB000B1F0C8E4DAE413C022E030E04EE350E0A1
:104EC00063E171E08FEA96E09CCF823091F78091A8
:104ED000760BC0915D0ED0915E0E823051F78E013F
:104EE00022E030E04EE450E06AE070E088E496E0D2
:104EF0000E94631480912E0C813009F062C022E080
:104F000030E04EE450E063E171E08EE396E00E9411
:104F100063148091440C90E00E9458109F938F93EB
:104F200010E4E12E16E0F12EFF92EF921F9206E0C0
:104F3000D02EDF9289E69BE09F938F930E945F586B
:104F40008E0122E030E04EE450E069EB70E089E64B
:104F50009BE00E9463148091390C90E00E943E1007
:104F60009F938F93FF92EF921F92DF9283E69BE0D5
:104F70009F938F930E945F5822E030E04EE450E010
:104F80006AE570E083E69BE00E9463148DB79EB7EC
:104F900040960FB6F8949EBF0FBE8DBF80915D0204
:104FA000863061F4809134028130A1F48091750BD8
:104FB000C0915F0ED091600E8130B1F0C8E4DAE4A8
:104FC00013C022E030E04EE450E063E171E08FEA8C
:104FD00096E09DCF823091F78091750BC0915D0E68
:104FE000D0915E0E823051F78E0122E030E04EE526
:104FF00050E06AE070E08CE496E00E9463148091D7
:105000002D0C813009F063C022E030E04EE550E025
:1050100063E171E08EE396E00E9463148091430C9B
:1050200090E00E9458109F938F93A0E4EA2EA6E090
:10503000FA2EFF92EF921F92B6E0DB2EDF9289E606
:105040009BE09F938F930E945F588E0122E030E097
:105050004EE550E069EB70E089E69BE00E94631446
:105060008091380C90E00E943E109F938F93FF92A6
:10507000EF921F92DF9283E69BE09F938F930E94B3
:105080005F5822E030E04EE550E06AE570E083E6EC
:105090009BE00E9463142DB73EB7205F3F4F0FB6D1
:1050A000F8943EBF0FBE2DBF80915D02853061F444
:1050B000809133028130A1F48091740BC0915F0E16
:1050C000D091600E8130B1F0C8E4DAE413C022E080
:1050D00030E04EE550E063E171E08FEA96E09CCF6E
:1050E000823091F78091740BC0915D0ED0915E0E6D
:1050F000823051F78E0122E030E04EE650E06AE067
:1051000070E080E596E00E94631480912C0C813061
:1051100009F062C022E030E04EE650E063E171E069
:105120008EE396E00E9463148091420C90E00E940E
:1051300058109F938F93E0E4EE2EE6E0FE2EFF9250
:10514000EF921F92F6E0DF2EDF9289E69BE09F93BD
:105150008F930E945F588E0122E030E04EE650E0CF
:1051600069EB70E089E69BE00E9463148091370C44
:1051700090E00E943E109F938F93FF92EF921F92B8
:10518000DF9283E69BE09F938F930E945F5822E01B
:1051900030E04EE650E06AE570E083E69BE00E9476
:1051A00063148DB79EB740960FB6F8949EBF0FBE9E
:1051B0008DBF80915D02843061F480913202813034
:1051C000A1F48091730BC0915F0ED091600E81307D
:1051D000B1F0C8E4DAE413C022E030E04EE650E07B
:1051E00063E171E08FEA96E09DCF823091F7809184
:1051F000730BC0915D0ED0915E0E823051F78E011F
:1052000022E030E04EE750E06AE070E084E596E0AE
:105210000E94631480912B0C813009F063C022E05E
:1052200030E04EE750E063E171E08EE396E00E94EB
:1052300063148091410C90E00E9458109F938F93CB
:1052400060E4E62E66E0F62EFF92EF921F9276E083
:10525000D72EDF9289E69BE09F938F930E945F5841
:105260008E0122E030E04EE750E069EB70E089E625
:105270009BE00E9463148091360C90E00E943E10E7
:105280009F938F93FF92EF921F92DF9283E69BE0B2
:105290009F938F930E945F5822E030E04EE750E0EA
:1052A0006AE570E083E69BE00E9463142DB73EB789
:1052B000205F3F4F0FB6F8943EBF0FBE2DBF8091C9
:1052C0005D02833061F4809131028130A1F48091DC
:1052D000720BC0915F0ED091600E8130B1F0C8E4C6
:1052E000DAE413C022E030E04EE750E063E171E021
:1052F0008FEA96E09CCF823091F78091720BC0913B
:105300005D0ED0915E0E823051F78E0122E030E0CA
:105310004EE850E06AE070E088E596E00E94631491
:1053200080912A0C813009F062C022E030E04EE822
:1053300050E063E171E08EE396E00E946314809197
:10534000400C90E00E9458109F938F9340E4E42E0D
:1053500046E0F42EFF92EF921F9256E0D52EDF9298
:1053600089E69BE09F938F930E945F588E0122E015
:1053700030E04EE850E069EB70E089E69BE00E9487
:1053800063148091350C90E00E943E109F938F93A0
:10539000FF92EF921F92DF9283E69BE09F938F93A1
:1053A0000E945F5822E030E04EE850E06AE570E08D
:1053B00083E69BE00E9463148DB79EB740960FB6BC
:1053C000F8949EBF0FBE8DBF80915D02823061F464
:1053D000809130028130A1F48091710BC0915F0EF9
:1053E000D091600E8130B1F0C8E4DAE413C022E05D
:1053F00030E04EE850E063E171E08FEA96E09DCF47
:10540000823091F78091710BC0915D0ED0915E0E4C
:10541000823051F78E0122E030E04EE950E06AE040
:1054200070E08CE596E00E9463148091290C813035
:1054300009F063C022E030E04EE950E063E171E042
:105440008EE396E00E94631480913F0C90E00E94EE
:1054500058109F938F9320E4E22E26E0F22EFF92C5
:10546000EF921F9236E0D32EDF9289E69BE09F9366
:105470008F930E945F588E0122E030E04EE950E0A9
:1054800069EB70E089E69BE00E9463148091340C24
:1054900090E00E943E109F938F93FF92EF921F9295
:1054A000DF9283E69BE09F938F930E945F5822E0F8
:1054B00030E04EE950E06AE570E083E69BE00E9450
:1054C00063142DB73EB7205F3F4F0FB6F8943EBF31
:1054D0000FBE2DBF80915D02813061F480912F025B
:1054E0008130A1F48091700BC0915F0ED091600E5D
:1054F0008130B1F0C8E4DAE413C022E030E04EE9D4
:1055000050E063E171E08FEA96E09CCF823091F742
:105510008091700BC0915D0ED0915E0E823051F77C
:105520008E0122E030E04EEA50E06AE070E080E672
:1055300096E00E9463148091280C813009F0A8C085
:1055400022E030E04EEA50E063E171E08EE396E065
:105550000E94631480913E0C90E00E9458109F932B
:105560008F9380E4E82E86E0F82EFF92EF921F9250
:1055700096E0D92EDF9289E69BE09F938F930E945D
:105580005F588E0122E030E04EEA50E069EB70E0B7
:1055900089E69BE00E9463148091330C90E00E94A6
:1055A0003E109F938F93FF92EF921F92DF9283E6BC
:1055B0009BE09F938F930E945F5822E030E04EEA79
:1055C00050E06AE570E083E69BE00E9463142EE100
:1055D00030E04CE350E06DEC70E08AE090E00E9437
:1055E000F1170091630E1091640E22E030E045ED5A
:1055F00050E06FE070E089EF94E00E9463142EE1C8
:1056000030E048E750E06DEC70E084E690E00E9406
:10561000F11700919E0E10919F0E22E030E045EDB3
:1056200050E067E870E084E696E00E9463142EE1A3
:1056300030E046E450E06DEC70E080EF90E00E94D6
:10564000F117E0915D02F0E0E25DFD4F80812DB742
:105650003EB7205F3F4F0FB6F8943EBF0FBE2DBF41
:105660008130F9F400915F0E1091600E22E030E07D
:1056700045ED50E065EF70E089E696E00E94631426
:10568000DF91CF911F910F91FF90EF90DF900895E0
:1056900022E030E04EEA50E063E171E08FEA96E00C
:1056A00057CF823069F700915D0E10915E0E22E0B7
:1056B00030E045ED50E065EF70E08FE696E0DECF3C
:1056C0000F931F938091E70E813009F47CC08230E4
:1056D00021F41F910F910C947D2581E080935F0F41
:1056E0000091CF0E1091D00E25E130E040E150E066
:1056F0006EE870E08BE290E00E943014E0915D0271
:10570000F0E0E25DFD4F80818130E1F400915F0EB9
:105710001091600E1093620B0093610B23E030E058
:105720004EE850E069E270E08DE696E00E94631476
:1057300065E776E080E69FE00E946B2260E081E210
:105740000E94700BE0915D02F0E0E25DFD4F808110
:105750008230E1F400915D0E10915E0E1093620BA9
:105760000093610B23E030E04EE850E069E270E026
:1057700083E796E00E94631469E776E080E69FE0A5
:105780000E946B2261E081E20E94700B6091610BCC
:105790007091620B80915D020E9409158091740ED8
:1057A000882389F081E080935F0F0091CF0E1091E4
:1057B000D00E25E130E04AE450E06EE870E089E781
:1057C00090E00E9430141F910F9108950F931F9342
:1057D000CF93DF9381E080935F0F22E330E046E7D1
:1057E00050E061E470E085E090E00E94F11722E370
:1057F00030E04AE350E061E470E085EC90E00E9424
:10580000F11722E330E04AE350E061E470E081E028
:1058100091E00E94F11722E330E048E550E069EBA7
:1058200070E085E090E00E94F11722E330E048E567
:1058300050E069EB70E083EE90E00E94F1178091F8
:10584000740E2EE130E04CE350E08111C1C067E8F6
:1058500070E082E890E00E94F11722E330E046E732
:1058600050E068E070E085E090E00E94581722E385
:1058700030E046E750E068E070E085EC90E00E94A0
:10588000581722E330E048E550E060E870E085E03A
:1058900090E00E94581722E330E048E550E060E8CD
:1058A00070E083EE90E00E94581724E130E048E277
:1058B00050E068E070E08CE890E00E94581710918A
:1058C000E80E8091D60E9091D70E111104C08091F0
:1058D000DD0E9091DE0E0E947C168091E70E811104
:1058E00060C0C091630ED091640E81E080935F0F21
:1058F000113091F48091E50E81110EC000919E0E41
:1059000010919F0E23E030E045E150E064E270E04A
:1059100087EE94E00E9463148E0123E030E04FE4B0
:1059200050E06AE170E08DE796E00E94631423E0A6
:1059300030E04FE450E06BED70E08EEF94E00E94B9
:10594000631423E030E04FE450E067E171E080E071
:1059500095E00E94631423E030E047EC50E065E1FD
:1059600070E082E896E00E9463148091740E8111C9
:105970004AC022E030E04FE850E067E870E086E897
:1059800096E00E9463140091630E1091640E23E070
:1059900030E047EC50E064EF70E08CEC98E00E945F
:1059A00063140E94CE1580915D0260919E0E7091ED
:1059B0009F0E811103C060E078EF80E00E9409151E
:1059C0000E94602BDF91CF911F910F910C948F2239
:1059D00065E570E082E890E00E94F11722E330E094
:1059E00048E550E069EB70E084E790E00E94F11731
:1059F00022E330E048E550E060E870E084E790E0C2
:105A00000E9458172ACF22E030E04DE550E067E8C9
:105A100070E086E896E00E94631400919E0E10915B
:105A20009F0E23E030E047EC50E06AE770E084E648
:105A300096E00E94631400919E0E10919F0EA7CFD6
:105A400085ED8093BC008091370F9091380FA09125
:105A5000390FB0913A0F0796A11DB11D23E0B695FD
:105A6000A795979587952A95D1F72091BC0024FD9D
:105A700003C01092350F08954091370F5091380FA1
:105A80006091390F70913A0F452B462B472B69F3E4
:105A90000097A105B10541F02AE22A95F1F700C06F
:105AA0000197A109B109E1CF8091360F0C949A0CAE
:105AB0001F93CF93DF93EC01162F0E9466571817A0
:105AC00039F0612FCE01DF91CF911F910C946E5769
:105AD000DF91CF911F9108950F931F93CF93DF9381
:105AE00081E080935F0F8091E70E811127C0C09104
:105AF000CF0ED091D00E8E0125E130E04AE450E087
:105B00006EE870E089E790E00E94301425E130E013
:105B10004AE450E067EC70E089E790E00E943014BE
:105B200000919E0E10919F0E23E030E047EC50E074
:105B30006AE770E084E696E00E9463141092E60E35
:105B400061E08DE20E94700B6AE070E080E090E01E
:105B50000E94F70B10927E0B84E690E0A0E0B0E08C
:105B60008093640F9093650FA093660FB093670FB7
:105B70006BE876E080E69FE00E946B226AE070E0CE
:105B80008EE79BE00E947F09E0917E0BE093A60BDD
:105B9000E154E43108F03BC00E2E000CFF0B8827C7
:105BA000EB52F24D8F4F0C940F58C02E072E072E3C
:105BB000072E392EE92D072E662E072E072E072ECB
:105BC000932E072E072E072E072E072E072EED2EBB
:105BD000ED2E8091E70E811131C00091DF0E109102
:105BE000E00E22E030E04EE850E06AE770E08EE838
:105BF00096E00E946314E0915D02F0E0E859F14FF5
:105C000010821092730E0E948F220E949316809130
:105C10005D0290E0FC01E859F14F608147960E94D7
:105C2000582D0E94C9248091E70E823009F0BAC134
:105C3000DF91CF911F910F910C947D258230D9F681
:105C40000091CF0E1091D00E29E130E043E750E0F3
:105C500062ED70E089E690E00E9430140091DF0E62
:105C60001091E00E22E030E045ED50E068E770E092
:105C7000BECF8091E70E81110DC00091DF0E109113
:105C8000E00E22E030E04EE850E06AE770E085E99F
:105C900096E0AFCF823009F0AECF0091CF0E1091D9
:105CA000D00E29E130E043E750E062ED70E089E694
:105CB00090E00E9430140091DF0E1091E00E22E07F
:105CC00030E045ED50E068E770E0E1CF8091E70E0D
:105CD00081110DC00091D20E1091D30E22E030E060
:105CE0004EE850E06AE770E08CE996E082CF8230BF
:105CF00009F081CF0091CF0E1091D00E29E130E054
:105D000043E750E062ED70E089E690E00E943014D5
:105D10000091D20E1091D30E22E030E045ED50E01C
:105D200068E770E0E1CF8091E70E81110DC000912E
:105D3000D20E1091D30E22E030E04EE850E06AE738
:105D400070E083EA96E055CF823009F054CF00919D
:105D5000CF0E1091D00E29E130E043E750E062ED24
:105D600070E089E690E00E9430140091D20E10910C
:105D7000D30E22E030E045ED50E068E770E0E1CF7F
:105D80008091E70E81110DC00091D60E1091D70EB3
:105D900022E030E04EE850E06AE770E08AEA96E000
:105DA00028CF823009F027CF0091CF0E1091D00E6E
:105DB00029E130E043E750E062ED70E089E690E0F1
:105DC0000E9430140091D60E1091D70E22E030E0E0
:105DD00045ED50E068E770E0E1CF8091E70E81117A
:105DE000C5C00091D60E1091D70E22E030E04EE8EB
:105DF00050E060E870E081EB96E00E9463148091CF
:105E00005D0290E0FC01E25DFD4F6081FC01E15923
:105E1000F44F6083885A9F4F0E94582DE0915D0295
:105E2000F0E0E859F14F81E080838093730E0E9487
:105E30008F2282E390E0A0E0B0E08093640F909323
:105E4000650FA093660FB093670F67EB76E080E66F
:105E50009FE00E946B2268E070E08CE49BE00E946F
:105E60007F0967EB76E080E69FE00E946B2268E0A6
:105E700070E08CE49BE00E947F096CE47BE08AE99F
:105E800090E10E946B2280914C0B8053E0914E0B6D
:105E9000E05394E6899FE00D112480914D0B8053CF
:105EA0009AE0899FE00D1124F0E0EE0FFF1FE25A07
:105EB000FD4F808191816AE070E00E94E757CB013D
:105EC0002091D60E3091D70E6231710578F0209175
:105ED000D20E3091D30E3093D50E2093D40E209154
:105EE000DF0E3091E00E6931710520F03093D50E50
:105EF0002093D40E6AE070E00E94FB579F938F932B
:105F00007F936F938AEB96E09F938F931F9285E028
:105F10008F9387E592E09F938F930E945F58109232
:105F20005F0F0091D40E1091D50E22E030E04BECC3
:105F300050E066E470E087E592E00E94631467E554
:105F400072E082E592E00E942F586CE271E080E0FE
:105F500090E00E94F70B0E9493168DB79EB70A96A9
:105F60000FB6F8949EBF0FBE8DBF51CE823009F0A0
:105F700046CF0091CF0E1091D00E29E130E043E7DB
:105F800050E062ED70E089E690E00E9430140091EC
:105F9000D60E1091D70E22E030E045ED50E068E7D4
:105FA00070E029CFDF91CF911F910F910895EF926B
:105FB000FF920F931F93CF93DF93C091E70EC11110
:105FC0001CC081E080935F0FE090CF0EF090D00E68
:105FD000870125E130E04AE450E06EE870E089E7AF
:105FE00090E00E94301425E130E04AE450E067EC94
:105FF00070E089E790E00E9430148091E60E8111F4
:106000008AC08091730E811107C081E08093730E66
:10601000C11189C00E948F228091E70EC091CF0EDE
:10602000D091D00E811185C00091630E1091640E45
:1060300023E030E047EC50E06AE770E081EC96E066
:106040000E9463140091D20E1091D30E22E030E032
:106050004EE850E06AE770E086EC96E00E94631438
:1060600010925F0F8E012AE130E04CE450E067ECC3
:1060700070E082E490E00E94301464E670E080E01A
:1060800090E00E94F70B1092D90E1092D80E60E4A7
:1060900077E087E592E00E942F5860E477E082E5A0
:1060A00092E00E942F5881E08093E60EE0915D021D
:1060B000F0E0E159F44F10828091EC0E8823D9F082
:1060C00060E084E00E94700B1092EC0EC091620EB2
:1060D00060E089E10E94700B8DE591E00E94E30889
:1060E0008C2F0E949B1261E089E10E94700B60E09E
:1060F0008FE10E94700B60E08DE20E94700B65E002
:1061000070E080E090E0DF91CF911F910F91FF90C0
:10611000EF900C94F70BDF91CF911F910F91FF90AF
:10612000EF900C946C2D8091E70EC091CF0ED09122
:10613000D00E823009F094CF81E080935F0F8E0102
:1061400022E030E045ED50E067E870E084E696E05C
:106150000E9463140091D20E1091D30E22E030E021
:1061600045ED50E068E770E086EC96E00E9463142D
:1061700068EE73E080E090E00E94F70B8E0122E071
:1061800030E045ED50E068E770E086EC96E00E9474
:1061900063140091630E1091640E22E030E045ED2F
:1061A00050E067E870E081EC96E058CFCF93C82FBD
:1061B0008FEF8C0F823078F461E087E00E94700BE3
:1061C000C13071F060E086E00E94700B60E086E014
:1061D0000E949E0B0DC060E087E00E94700BF2CF22
:1061E00061E086E00E949E0B61E086E00E94700BF9
:1061F0008CEF8C0F833058F48DEC96E0909319025D
:10620000809318028DEF9FE0CF910C94990A8091B2
:106210007D0B0E94BB21C33069F482E080937D0B2B
:1062200062E082E190E00E94582D80917D0BCF9139
:106230000C94BB21C73029F483E080937D0B63E08D
:10624000F0CFCF910895CF92DF92EF92FF920F930C
:106250001F93CF93DF93D82FC62F81E080935F0FDA
:10626000CD2ED12C0091CF0E1091D00E7601EE0CD8
:10627000FF1CF701E85EFD4F22E030E040E550E012
:1062800061E470E0808191810E946314DB3008F04A
:1062900034C0F6018827E05BFE4C8F4F0C940F58FA
:1062A0005B319F31F6311F327E32DD3235327D3146
:1062B0005D327D31AE328091780E8430F1F0809184
:1062C0007D0BC130D1F58F5F80937D0B80917D0B6D
:1062D000863011F410927D0B80917D0B8F3F19F465
:1062E00085E080937D0B60917D0B82E190E00E94C0
:1062F000582D80917D0B0E94BB2164E670E080E008
:1063000090E00E94F70B00919E0E10919F0EF701F6
:10631000E85EFD4F22E030E040E550E061E470E0EF
:10632000808191810E946314DF91CF911F910F9121
:10633000FF90EF90DF90CF9008958150C5CF80916E
:106340007B0B90917C0BC13009F04EC0019690936D
:106350007C0B80937B0B80917B0B90917C0B1816B0
:10636000190634F081E090E090937C0B80937B0BD6
:1063700080917B0B90917C0B0B9734F08AE090E03E
:1063800090937C0B80937B0B60917B0B70917C0BCB
:1063900022E3269FC001279F900D11249093E40EC5
:1063A0008093E30E85E290E00E94582D8091E40EE8
:1063B0008F938091E30E8F938EED96E09F938F9352
:1063C0001F9281E18F9380911B028F9380911A021B
:1063D0008F930E945F588DB79EB708960FB6F894BA
:1063E0009EBF0FBE8DBF89CF0197B1CFC093E20E84
:1063F0006C2F84E290E00E94582D2091E20E809153
:106400001C0290911D02222339F06FEE76E00E946B
:106410002F580E94140F71CF60E077E00E942F5830
:1064200060E087E10E94700B61E070E080E090E046
:106430000E94F70B61E087E10E94700B5ECFC09372
:10644000A70B6C2F82E090E00E94582D2091A70BA3
:1064500080911E0290911F0261E177E0211102C03C
:1064600062E277E00E942F5848CFC0933B026C2F26
:1064700080E190E00E94582D80913B028823D9F062
:1064800083E41F928F9383E397E09F938F931F92F0
:1064900081E18F93809125028F93809124028F93C5
:1064A0000E945F588DB79EB708960FB6F8949EBFAE
:1064B0000FBE8DBF22CF86E4E4CF80917A0BC1302E
:1064C000D9F48F5F80937A0B80917A0B863011F428
:1064D00010927A0B80917A0B8F3F19F485E08093AC
:1064E0007A0B60917A0B85E190E00E94582D8091A3
:1064F0007A0B0E94612101CF8150E4CF8091780E08
:10650000C13051F58F5F8093780E8091780E88307E
:1065100011F41092780E8091780E8F3F19F487E075
:106520008093780EC091780EEC2FF0E0EE0FFF1FF5
:10653000E25AFB4F6081718180912002909121028B
:106540000E942F586C2F84E190E00E94582D80917A
:10655000780E0E94D630D1CE8150D5CF8091650E75
:10656000811107C085E497E090932D0280932C025F
:10657000C4CE8091C10E8823B1F01092C10E60E0AC
:1065800086E10E94700B86E597E090932D02809340
:106590002C026091C10E83E290E00E94582D85E0AC
:1065A0008093C00EAACE81E08093C10E61E086E1A7
:1065B0000E94700B87E697E0E8CF809114029091DB
:1065C0001502A0911602B0911702C13009F067C000
:1065D0000196A11DB11D8093140290931502A09302
:1065E0001602B09317028091140290911502A091A7
:1065F0001602B09117028E379105A105B10564F01E
:106600008DE790E0A0E0B0E0809314029093150233
:10661000A0931602B0931702809114029091150274
:10662000A0911602B09117028B349105A105B10516
:1066300064F48BE490E0A0E0B0E0809314029093C7
:106640001502A0931602B09317026091140286E11E
:1066500090E00E94582D809117028F93809116022E
:106660008F93809115028F93809114028F9388E706
:1066700097E09F938F931F9281E18F9380912302E4
:106680008F93809122028F930E945F588DB79EB79F
:106690000A960FB6F8949EBF0FBE8DBF2ECE0197FF
:1066A000A109B10998CF0F931F93CF93DF93E09186
:1066B0005D02EB3008F090C08091EC0E81118CC02F
:1066C000E150EA3088F4F0E08827E659FC4C8F4F1F
:1066D0000C940F587C33F133F433F733FF33023427
:1066E0000A340D3415341D3469E877E080E69FE004
:1066F0000E946B22C0E007C06DE877E080E69FE073
:106700000E946B22C0E2E0915D02EE2309F18091CC
:10671000740E8823E9F08091E70E811119C0F0E032
:10672000E859F14F80818093730E81E080935F0F71
:106730000091CF0E1091D00E25E130E04AE450E0F8
:106740006EE870E089E790E00E9430140E948F228A
:10675000C093620ED0915D02DD23E9F08091140CAC
:10676000D817C9F08C2F0E94E120D093140C6091AF
:10677000610B7091620B8D2F0E9409156D2F81E0C6
:1067800090E00E94582D0E94602B62E370E080E050
:1067900090E00E94F70B80915D0281110DC0809105
:1067A000140C882349F01092140C6091610B7091C5
:1067B000620B80E00E94091510925F0F0091CF0ECE
:1067C0001091D00E22E030E04BEC50E066E470E037
:1067D00082E592E00E946314DF91CF911F910F91A7
:1067E000089561E977E08ACF65E977E087CF69E9C5
:1067F00077E080E69FE00E946B22C8E084CF6DE9DD
:1068000077E0F7CF61EA77E080E69FE00E946B22B5
:10681000C4E079CF65EA77E0F7CF69EA77E080E610
:106820009FE00E946B22C2E06ECF6DEA77E080E6C7
:106830009FE00E946B22C1E066CF61EB77E056CF0C
:106840000C9466574F925F926F927F928F929F92B5
:10685000AF92BF92CF92DF92EF92FF920F931F936E
:10686000CF93DF93CDB7DEB7C055D1090FB6F894FB
:10687000DEBF0FBECDBF8C0197EDE92E9CE0F92E57
:106880000130110521F085E5E82E8CE0F82EF701A6
:1068900001900020E9F731976F01CE18DF0857010A
:1068A000F50181915F01082E000C990B0E941E5882
:1068B000F50131978083C5018E199F09C816D90645
:1068C0007CF766EB77E0C7010E944558009739F4E2
:1068D00069EB77E0C7010E944558009761F1FC0120
:1068E0003496A9EABBE00A9621912D938E179F0753
:1068F000D9F71092AF0B89EA9BE00E94E1564B0159
:106900005C01F6ED8F1AF6E09F0AA108B1082FE5A9
:10691000821621E09206A104B10408F056C38AE071
:1069200080935D0280915D029091A80B891709F414
:10693000E0C38093A80B6CEB77E0C7010E94455839
:10694000892B09F43AC46FEB77E0C7010E944558E0
:10695000FC01892BF9F094819B3309F0D2C36FEBD2
:1069600077E0802F0E943E2360915D0270E0802FCF
:106970000E94B224802F0E947F2280915D028B3082
:1069800010F010925D0290915D028091140C9813AA
:106990000E94533364EC77E0C7010E9445586C01B4
:1069A000009729F1FC0184818B3371F464EC77E06A
:1069B000802F0E943E236091E80E70E0802F0E949D
:1069C000B224802F0E947F22F6018481803321F43B
:1069D0001092E80E0E94CE15F6018481813339F4BD
:1069E00081E08093E80E1092E50E0E94CE1569ECCE
:1069F00077E0C7010E9445586C010097D1F1FC0176
:106A000084818B3391F469EC77E0802F0E943E23E0
:106A1000E0915D02F0E0E25DFD4F608170E0802F6B
:106A20000E94B224802F0E947F22F601848181334C
:106A300071F480915D0290E0FC01E25DFD4F21E088
:106A4000208361E003960E94582D0E94602BF6017E
:106A50008481823371F480915D0290E0FC01E25DFB
:106A6000FD4F22E0208362E003960E94582D0E9491
:106A7000602B6EEC77E0C7010E9445586C010097CF
:106A800071F1FC0184818B3399F46EEC77E0802FF7
:106A90000E943E2380913B0268EB76E0882311F050
:106AA00063ED77E0802F0E943E23802F0E947F229B
:106AB000F6018481863439F410923B0260E080E173
:106AC00090E00E94582DF6018481833441F481E0E6
:106AD00080933B0261E080E190E00E94582D65EDDB
:106AE00077E0C7010E9445586C01009709F454C033
:106AF000FC0184818B3399F465ED77E0802F0E944F
:106B00003E238091A70B6AE275E0882311F06CECBC
:106B100077E0802F0E943E23802F0E947F22F60183
:106B200084818434D1F41092A70B60E082E090E07D
:106B30000E94582D62E277E080911E0290911F0220
:106B40000E942F580E9474100E94511D8091E70EE0
:106B5000823009F0E5C20E947D25F60184818E34E1
:106B6000D9F481E08093A70B61E082E090E00E947D
:106B7000582D61E177E080911E0290911F020E94E2
:106B80002F580E9474100E94511D8091E70E823090
:106B900009F0D0C20E947D256AED77E0C7010E940E
:106BA0004558892B39F16AED77E0802F0E943E230A
:106BB0000E94822468E270E00E94E7577F936F93FF
:106BC0008FED97E09F938F931F9284E08F93CE0178
:106BD00001966C019F938F930E945F58B601802F9E
:106BE0000E943E23802F0E947F220FB6F894DEBFC2
:106BF0000FBECDBF63EE77E0C7010E944558892BD9
:106C000071F063EE77E0802F0E943E236091740E56
:106C100070E0802F0E94B224802F0E947F2268EEB5
:106C200077E0C7010E9445586C010097C9F1FC014B
:106C300084818B3371F468EE77E0802F0E943E23CD
:106C40006091730E70E0802F0E94B224802F0E940A
:106C50007F22F6018481813381F421E02093730E39
:106C600080915D0290E0FC01E859F14F208361E0E2
:106C700047960E94582D0E948F22F601848180330E
:106C800079F41092730E80915D0290E0FC01E85956
:106C9000F14F108260E047960E94582D0E948F228B
:106CA0006DEE77E0C7010E944558892B29F080914D
:106CB000740E81110E94D72F62EF77E0C7010E9406
:106CC0004558892B89F062EF77E0802F0E943E23A0
:106CD0006091A60B013009F088C28AE990E10E9418
:106CE000770A802F0E947F2267EF77E0C7010E941A
:106CF0004558892B71F067EF77E0802F0E943E2383
:106D00006091E60E70E0802F0E94B224802F0E94D6
:106D10007F226CEF77E0C7010E944558892B09F468
:106D200044C06091B20E7091B30E80913B0281110C
:106D30000BC229E0269FC001279F900D112465E01A
:106D400070E00E94E757CB01805C9E4F6AE070E0E4
:106D50000E94FB57D62EC72E6CEF77E0802F0E9443
:106D60003E2380913B02882309F4F0C183E41F9203
:106D70008F93CF92DF9281E098E09F938F931F9241
:106D800084E08F93CE0101966C019F938F930E94B4
:106D90005F58B601802F0E943E23802F0E947F22E1
:106DA0000FB6F894DEBF0FBECDBF66E078E0C70136
:106DB0000E944558009791F1FC01D480F6E4DF165B
:106DC00009F4C6C122E581E0D21621F084E4D8128C
:106DD0000FC282E00E94250F9F938F938D2D0D2C63
:106DE000000C990B9F93DF928BE098E09F938F9319
:106DF0001F928AE08F93FE0131966F01FF93EF930C
:106E00000E945F58B601802F0E943E23802F0E946F
:106E10007F220FB6F894DEBF0FBECDBF66E178E0EB
:106E2000C7010E944558892B09F492C080E00E9456
:106E3000250FD82EC92E81E00E94250FB82EA92E2D
:106E400082E00E94250F982E892E83E00E94250F54
:106E5000782E692E0E94822468E270E00E94E75733
:106E6000562E472E0E94522464E170E00E94E7579C
:106E70009B018091B20E9091B30E6AE070E00E9487
:106E8000E75780913B0281110CC049E0469FC00149
:106E9000479F900D112465E070E00E94E757605E07
:106EA0007F4F80915D02E82FF0E09091730E1F926A
:106EB0009F939091E60E1F929F939091B50E1F9213
:106EC0009F939091BB0E1F929F939091C20E1F9221
:106ED0009F939091C60E1F929F939091CC0E1F92FC
:106EE0009F939091EC0E1F929F93E25DFD4F9081D6
:106EF0001F929F931F928F938091E80E1F928F9302
:106F00007F936F933F932F934F925F926F927F92F5
:106F10008F929F92AF92BF92CF92DF928BE198E0D7
:106F20009F938F931F9280E58F93FE0131966F019F
:106F3000FF93EF930E945F580FB6F894DEBF0FBE29
:106F4000CDBFB601802F0E943E23802F0E947F225A
:106F500064E778E0C7010E944558892B41F064E757
:106F600078E0802F0E943E23802F0E947F2269E7D5
:106F700078E0C7010E944558892B41F08AE990E1E9
:106F80000E94990A60E088E00E94700B6EE778E04A
:106F9000C7010E944558009709F40FC12091740E53
:106FA000222309F40AC1DC011496CE01019630E0D7
:106FB0007C012D912B3309F4CDC0323109F4CAC0C4
:106FC000FC012193CF013F5FF4CF4B015C01E0E86E
:106FD0008E1AECE09E0AA108B108F9EE8F16F3E0D4
:106FE0009F06A104B10410F489E09ACC4B015C0126
:106FF00028E8821A23E1920AA108B108E5EF8E166B
:10700000E1E09E06A104B10410F488E089CC4B01B4
:107010005C01F4EF8F1AFAE19F0AA108B10829E593
:10702000821622E09206A104B10410F487E078CC25
:107030004B015C01E0E18E1AE7E29E0AA108B1086B
:10704000F9EC8F169104A104B10410F486E068CC29
:107050004B015C012CE4821A26E3920AA108B108D4
:10706000E9E58E16E2E09E06A104B10410F485E085
:1070700057CC4B015C01F0E58F1AF6E49F0AA1089A
:10708000B10829EC82169104A104B10410F484E043
:1070900047CC4B015C01E4EA8E1AE1E59E0AA108A7
:1070A000B108F9E58F16F2E09F06A104B10410F4CF
:1070B00083E036CC4B015C0128E0821A21E6920A7B
:1070C000A108B108E5E08E16E1E09E06A104B10436
:1070D00010F482E025CC6C5F7C46810991096D3605
:1070E00077408105910510F481E01ACC10925D0281
:1070F00019CC9091140C891709F41DCC0E945333BC
:107100001ACC858190538B3319F490935D0235CC62
:1071100080532AE0929F800D112480935D022DCC34
:10712000813019F40E948A1818CD811116CD0E9461
:10713000E62B13CD813019F40E948A182DCD8111D0
:107140002BCD0E94E62B28CDCB0100CE86E40FCEBE
:1071500080E040CEF701E30FF11D10828BE490E058
:10716000A0E0B0E08093640F9093650FA093660F4A
:10717000B093670F6AE280E69FE00E94770AB7014A
:1071800080E69FE00E946B2268E270E08EE79BE061
:107190000E947F09FC01E258F44F1082892B69F0AC
:1071A0006EE778E0802F0E943E236EE77BE0802F21
:1071B0000E943E23802F0E947F22C05BDF4F0FB6CC
:1071C000F894DEBF0FBECDBFDF91CF911F910F911D
:1071D000FF90EF90DF90CF90BF90AF909F908F90F7
:1071E0007F906F905F904F9008958DEF9FE077CDE7
:1071F000F6E583E0DF1609F4EDCD10CE2F923F9235
:107200004F925F926F927F928F929F92AF92BF92B6
:10721000CF92DF92EF92FF920F931F93CF93DF9362
:1072200061E08BE10E949E0B61E08DE10E949E0B6C
:107230000E947B0E61E089E10E949E0B61E089E182
:107240000E94700B61E083E20E949E0B61E083E28A
:107250000E94700B61E085E30E949E0B61E085E374
:107260000E94700B61E087E20E949E0B61E087E262
:107270000E94700B61E08CE20E949E0B61E08CE248
:107280000E94700B61E089E20E949E0B61E089E23E
:107290000E94700B61E08AE20E949E0B61E08AE22C
:1072A0000E94700B61E085E00E949E0B61E085E02A
:1072B0000E949E0B60E085E00E94700B61E08FE110
:1072C0000E949E0B60E08FE10E94700B62E08FE2F3
:1072D0000E949E0B61E081E20E949E0B60E081E2D1
:1072E0000E94700B62E08AE00E949E0B62E08BE0DD
:1072F0000E949E0B62E082E00E949E0B61E087E1AB
:107300000E949E0B61E087E10E94700B60E087E1C4
:107310000E94700B61E070E080E090E00E94F70B4B
:1073200061E087E10E94700B61E084E00E949E0BA7
:1073300060E084E00E94700B60E086E00E949E0B9B
:1073400061E087E00E949E0B61E08DE20E949E0B4F
:1073500061E08DE20E94700B62E088E10E949E0B6A
:1073600061E086E10E949E0B60E086E10E94700B66
:1073700061E088E00E949E0B61E088E00E94700B53
:1073800082E090E00E942034823008F0D8C48093DC
:10739000A70B8091A70B62E277E0882321F0813070
:1073A00041F461E177E080911E0290911F020E94FA
:1073B0002F5885E290E00E94203490E09C012150FB
:1073C00031092A30310508F0BDC490937C0B8093BD
:1073D0007B0B20917B0B30917C0B42E3429FC001E1
:1073E000439F900D11249093E40E8093E30E9F939E
:1073F0008F938EED96E09F938F931F9281E18F93F1
:1074000080911B028F9380911A028F930E945F5884
:1074100084E290E00E9420342DB73EB7285F3F4FB2
:107420000FB6F8943EBF0FBE2DBF823008F08DC45A
:107430008093E20E8091E20E60E077E0882321F0F5
:10744000813041F46FEE76E080911C0290911D0234
:107450000E942F5881E090E00E9420348B3008F089
:1074600077C480935D0280915D028093140C0E942A
:1074700053332EE2422E22E0522E3FE6832E3BE093
:10748000932E4CE1E42E4CE0F42E07E21CE052E394
:10749000C52E5CE0D52E6DE3A62E6CE0B62E78E608
:1074A000672E7EE0772EC3E0D0E0CE010E9420342C
:1074B000F20181932F0160E0813021F0823009F0E8
:1074C00049C461E081E20E94700B1E0134E1230E89
:1074D000311CC1010E942034F301823008F047C4FE
:1074E00080831E01F5E22F0E311CC1010E94203461
:1074F000F50187FD44C48083F50161915F01C101FD
:107500000E94582D1E01F1E32F0E311CC1010E9473
:107510002034F601803408F034C48083F601619190
:107520006F01C1010E94582D1E01FDE32F0E311C79
:10753000C1010E942034F801823008F024C4808305
:10754000F80161918F01C1010E94582D1E01F9E4DB
:107550002F0E311CC1010E942034F701823008F047
:1075600014C48083F70161917F01C1010E94582DED
:107570001E01F5E52F0E311CC1010E942034F401DB
:10758000833008F004C48083F40161914F01C1018C
:107590000E94582D2196FFEF6F1A7F0ACE30D10539
:1075A00009F083CF82E190E00E942034863008F019
:1075B000F0C380937D0B80917D0B0E94BB2185E100
:1075C00090E00E942034863008F0E5C380937A0B67
:1075D00080917A0B0E94612180E190E00E9420342A
:1075E0008111DBC310923B0280913B028111D9C310
:1075F00086E41F928F9383E397E09F938F931F926C
:1076000081E18F93809125028F93809124028F9343
:107610000E945F588FE090E00E9420349FEF980F07
:107620002DB73EB7285F3F4F0FB6F8943EBF0FBE51
:107630002DBF953008F0B7C38093AA0E8091AA0E93
:107640008093760E84E190E00E942034883008F028
:10765000ACC38093780EC091780EEC2FF0E0EE0F63
:10766000FF1FE25AFB4F608171818091200290914F
:1076700021020E942F588C2F0E94D63086E190E084
:107680000E94203495EB980F933308F084E6482F3E
:1076900050E070E060E04093140250931502609354
:1076A0001602709317021F921F921F928F9388E702
:1076B00097E09F938F931F9281E18F938091230294
:1076C0008F93809122028F930E945F5888E10E94DD
:1076D000470BEDB7FEB73A960FB6F894FEBF0FBE54
:1076E000EDBF892B09F06EC381E08093650E83E2C4
:1076F00090E00E942034823008F05AC38093C10E7B
:107700008091C10E813009F056C361E086E10E948C
:10771000700B87E697E090932D0280932C021092D5
:10772000130280917A00887F80937A0080917A009A
:10773000856080937A00CFB7F89480911D0B8111FA
:1077400027C0EFEBF2E08491E5E0F3E09491E82FBD
:10775000F0E0EE0FFF1FE45CFD4FA591B491EC91BA
:10776000E92321F461E085E30E94700B61E085E389
:107770000E949E0B8CB580618CBD8CB580648CBDE5
:1077800061E084E30E949E0B61E083E30E949E0B14
:1077900080911D0B8F5F80931D0BCFBF10920E0F3A
:1077A00010920D0F10923C0F10925E0F0E947C0CF5
:1077B0008EEA9DE09093D10B8093D00B8FEA9DE0F1
:1077C0009093D50B8093D40B8CE08093B8008AE71C
:1077D00090E090934B0B80934A0B82E190E0909362
:1077E000490B8093480B1092470B1092460B8FE683
:1077F0000E94E60890E080E00E94230E85E190E080
:107800000E94230E0E94AB0D61E070E080E090E0EA
:107810000E94F70B8FE60E94E6088EE090E00E943F
:10782000230E8AE790E00E94230E82E190E00E94FE
:10783000230E90E080E00E94230E0E94AB0D61E0D9
:1078400070E080E090E00E94F70B8FE60E94E6086F
:1078500090E080E00E94230E85E090E00E94230EDD
:107860000E94AB0D61E070E080E090E00E94F70BB9
:107870008BE990E09093450B8093440B1092430B5F
:107880001092420B8FE60E94E60890E080E00E9492
:10789000230E85E190E00E94230E0E94AB0D61E073
:1078A00070E080E090E00E94F70B8FE60E94E6080F
:1078B00084E290E00E94230E8BE990E00E94230E68
:1078C00090E080E00E94230E0E94AB0D61E070E02A
:1078D00080E090E00E94F70B8FE60E94E60890E0BF
:1078E00080E00E94230E85E090E00E94230E0E941B
:1078F000AB0D61E070E080E090E00E94F70B84ED5A
:1079000090E09093410B8093400B80E890E090933F
:107910003F0B80933E0B8FE60E94E60890E080E0EC
:107920000E94230E85E190E00E94230E0E94AB0D81
:1079300061E070E080E090E00E94F70B8FE60E942B
:10794000E6088AE190E00E94230E84ED90E00E9418
:10795000230E80E890E00E94230E0E94AB0D61E0B0
:1079600070E080E090E00E94F70B8FE60E94E6084E
:1079700090E080E00E94230E85E090E00E94230EBC
:107980000E94AB0D61E070E080E090E00E94F70B98
:107990008FE60E94E60890E080E00E94230E85E1D9
:1079A00090E00E94230E0E94AB0D61E070E080E049
:1079B00090E00E94F70B8FE60E94E60880E390E0DB
:1079C0000E94230E90E080E00E94230E80E890E069
:1079D0000E94230E0E94AB0D61E070E080E090E019
:1079E0000E94F70B8FE60E94E60890E080E00E947C
:1079F000230E85E090E00E94230E0E94AB0D61E013
:107A000070E080E090E00E94F70B8FE60E94E608AD
:107A100081E090E00E94230E89EA90E00E94230E0C
:107A20000E94AB0D61E070E080E090E00E94F70BF7
:107A30000E94741010925F0FC091CF0ED091D00EA3
:107A4000CE010E94A91E81E080935F0FCE010E94AB
:107A5000A91E61E085E00E949E0B61E085E00E9426
:107A6000700B8AE00E94470B892B89F110925F0FFF
:107A70000FEF1FEF23E030E04EE150E068E270E0EE
:107A800083E898E00E94631423E030E04BE450E088
:107A900068E270E083E998E00E94631423E030E03C
:107AA00048E750E068E270E083EA98E00E946314DF
:107AB00023E030E045EA50E068E270E083EB98E0D4
:107AC0000E9463148AE00E94470B892BD9F7109219
:107AD0005F0FCE010E94A91E11E010935F0FCE012F
:107AE0000E94A91E40E05BE460E070E080E69FE059
:107AF0000E94192163E477E080E69FE00E946B22F8
:107B000063EC78E08DE49CE00E942F5865E376E01A
:107B100081E59BE00E942F580E9415230B971CF1D2
:107B200049E050E06EE77BE08EE19BE00E94365832
:107B300066EC78E08EE19BE00E942658892B99F450
:107B40001093740E60ED78E08DE49CE00E942F5855
:107B50000E941523AC01415051096EE77BE081E59D
:107B60009BE00E9436581092E80E0E94511D0E9420
:107B7000E62B10925F0FC091D60ED091D70E8E01DA
:107B80002AE030E049E150E062E570E084E190E015
:107B90000E9430142AE030E049E150E062E570E0F4
:107BA00084E590E00E9430148091C10E81110AC0DA
:107BB0002AE030E049E150E062E570E084E990E0DD
:107BC0000E9430148E012AE030E049E150E062E585
:107BD00070E084ED90E00E9430142AE030E049E14A
:107BE00050E062E570E084E191E00E9430148FEB98
:107BF00091E10E94D0208111FACF82EB91E10E94A5
:107C0000D0208111FACF1092EB0E61E477E08EE77D
:107C10009EE00E942F5861E477E086E89EE00E9493
:107C20002F5861E477E08AE79EE00E942F5861E4D4
:107C300077E082E89EE00E942F581092EA0E1092A0
:107C4000E90E10925F0F0091A60E1091A70EC09141
:107C50004B02D0914C02980146E150E06EE270E098
:107C6000CE010E94FA16980146E150E06EE270E003
:107C7000CE0101960E94FA16980146E150E06EE2AC
:107C800070E0CE0102960E94FA16980146E150E09B
:107C90006EE270E0CE0103960E94FA1686E891E14A
:107CA0000E94940881E991E10E9494088CE991E195
:107CB0000E94940887EA91E10E9494088BE791E181
:107CC0000E94940880E1809381001092800080E5FA
:107CD00093EC909387008093860082E180938100EB
:107CE00088E992E1909302028093010281E08093FF
:107CF0006F00789498E12BE00FB6F894A8959093D4
:107D000060000FBE20936000809343118091E20ECB
:107D100081110E94140FDF91CF911F910F91FF905D
:107D2000EF90DF90CF90BF90AF909F908F907F901B
:107D30006F905F904F903F902F900C94C9241092B9
:107D4000A70B27CB86E090E040CB1092E20E72CBDF
:107D50008AE087CB60E081E20E94700BF2013197EC
:107D600021E0208361E0CE010E94582DAECB10822D
:107D70001092730E60E0C1010E94582DB2CB1082A8
:107D8000BBCB1082CBCB1082DBCB1082EBCB108233
:107D9000FBCB83E00ECC85E019CC81E080933B02E5
:107DA00023CC83E426CC81E047CC1092780E53CCD0
:107DB0001092C10EA5CC60E086E10E94700B86E5B2
:107DC00097E0A9CC1092650E1092C10E85E497E061
:107DD000A2CC1F920F920FB60F9211240BB60F92E6
:107DE0002F933F934F935F936F937F938F939F93C3
:107DF000AF93BF93EF93FF9380E69FE00E94080A42
:107E0000FF91EF91BF91AF919F918F917F916F9172
:107E10005F914F913F912F910F900BBE0F900FBE2E
:107E20000F901F9018951F920F920FB60F9211246A
:107E30000BB60F922F933F934F935F936F937F9364
:107E40008F939F93AF93BF93EF93FF9380E69FE051
:107E50000E944309FF91EF91BF91AF919F918F9144
:107E60007F916F915F914F913F912F910F900BBE3A
:107E70000F900FBE0F901F9018951F920F920FB684
:107E80000F9211240BB60F922F933F934F935F9352
:107E90006F937F938F939F93AF93BF93EF93FF93D2
:107EA0008DEF9FE00E94080AFF91EF91BF91AF9183
:107EB0009F918F917F916F915F914F913F912F9102
:107EC0000F900BBE0F900FBE0F901F9018951F9232
:107ED0000F920FB60F9211240BB60F922F933F9370
:107EE0004F935F936F937F938F939F93AF93BF93C2
:107EF000EF93FF938DEF9FE00E944309FF91EF9175
:107F0000BF91AF919F918F917F916F915F914F91B1
:107F10003F912F910F900BBE0F900FBE0F901F90AF
:107F200018951F920F920FB60F9211240BB60F9255
:107F30002F933F934F935F936F937F938F939F9371
:107F4000AF93BF93EF93FF938AE990E10E94080AF1
:107F5000FF91EF91BF91AF919F918F917F916F9121
:107F60005F914F913F912F910F900BBE0F900FBEDD
:107F70000F901F9018951F920F920FB60F92112419
:107F80000BB60F922F933F934F935F936F937F9313
:107F90008F939F93AF93BF93EF93FF938AE990E101
:107FA0000E944309FF91EF91BF91AF919F918F91F3
:107FB0007F916F915F914F913F912F910F900BBEE9
:107FC0000F900FBE0F901F9018951F920F920FB633
:107FD0000F9211242F933F938F939F93AF93BF934F
:107FE0008091F80B9091F90BA091FA0BB091FB0BDB
:107FF0003091F70B23E0230F2D3758F50196A11D83
:10800000B11D2093F70B8093F80B9093F90BA0937D
:10801000FA0BB093FB0B8091FC0B9091FD0BA091A0
:10802000FE0BB091FF0B0196A11DB11D8093FC0BBF
:108030009093FD0BA093FE0BB093FF0BBF91AF91FC
:108040009F918F913F912F910F900FBE0F901F9096
:10805000189526E8230F0296A11DB11DD2CF1F92BD
:108060000F920FB60F9211240BB60F922F933F93DE
:108070004F935F936F937F938F939F93AF93BF9330
:10808000EF93FF93E0911102F09112021995FF9185
:10809000EF91BF91AF919F918F917F916F915F9180
:1080A0004F913F912F910F900BBE0F900FBE0F90ED
:1080B0001F9018951F920F920FB60F9211240BB6B6
:1080C0000F922F933F934F935F936F937F938F9371
:1080D0009F93AF93BF93EF93FF93E0910F02F091C3
:1080E00010021995FF91EF91BF91AF919F918F91E0
:1080F0007F916F915F914F913F912F910F900BBEA8
:108100000F900FBE0F901F9018951F920F920FB6F1
:108110000F9211240BB60F922F933F934F935F93BF
:108120006F937F938F939F93AF93BF93EF93FF933F
:10813000E0910502F09106021995FF91EF91BF9130
:10814000AF919F918F917F916F915F914F913F91EF
:108150002F910F900BBE0F900FBE0F901F90189590
:108160001F920F920FB60F9211240BB60F922F93FE
:108170003F934F935F936F937F938F939F93AF93AF
:10818000BF93EF93FF93E0910302F09104021995DE
:10819000FF91EF91BF91AF919F918F917F916F91DF
:1081A0005F914F913F912F910F900BBE0F900FBE9B
:1081B0000F901F9018951F920F920FB60F921124D7
:1081C0000BB60F922F933F934F935F936F937F93D1
:1081D0008F939F93AF93BF93EF93FF93E0910D0223
:1081E000F0910E021995FF91EF91BF91AF919F9180
:1081F0008F917F916F915F914F913F912F910F9050
:108200000BBE0F900FBE0F901F9018951F920F92EC
:108210000FB60F9211240BB60F922F933F934F93EB
:108220005F936F937F938F939F93AF93BF93EF93DE
:10823000FF93E0910B02F0910C021995FF91EF91E1
:10824000BF91AF919F918F917F916F915F914F916E
:108250003F912F910F900BBE0F900FBE0F901F906C
:1082600018951F920F920FB60F9211240BB60F9212
:108270002F933F934F935F936F937F938F939F932E
:10828000AF93BF93EF93FF93E0910902F0910A023D
:108290001995FF91EF91BF91AF919F918F917F9130
:1082A0006F915F914F913F912F910F900BBE0F9067
:1082B0000FBE0F901F9018951F920F920FB60F923E
:1082C00011240BB60F922F933F934F935F936F93AD
:1082D0007F938F939F93AF93BF93EF93FF93E0911F
:1082E0000702F09108021995FF91EF91BF91AF91AC
:1082F0009F918F917F916F915F914F913F912F91BE
:108300000F900BBE0F900FBE0F901F9018951F92ED
:108310000F920FB60F9211240BB60F922F933F932B
:108320004F935F936F937F938F939F93AF93BF937D
:10833000EF93FF938091B900887F803609F44DC098
:1083400008F040C0883209F4A9C028F5803109F44A
:108350009DC0C8F4882309F4FBC0883009F496C096
:10836000FF91EF91BF91AF919F918F917F916F910D
:108370005F914F913F912F910F900BBE0F900FBEC9
:108380000F901F901895883109F488C0803241F70A
:108390008093330F14C0803409F49DC040F48033BF
:1083A000B9F38833E9F68093330F85ECB0C080359C
:1083B00009F485C0883509F496C0883489F60E948E
:1083C000202DCECF883909F48CC038F5883729F0B4
:1083D00050F4883611F0803719F683E08093350F1A
:1083E0001092F60B57C0883809F47BC0803919F019
:1083F000803809F0B5CF8091F60B803208F071C05B
:10840000E091F60B81E08E0F8093F60B8091BB001C
:10841000F0E0EA52F44F80833DC0803B39F0E0F455
:10842000803A09F479C0883A09F09ACF84E08093C1
:10843000350F1092D30B1092D20BE091D00BF0912C
:10844000D10B19958091D20B81110FC081E08093DF
:10845000D20B1092B00B09C0803C09F4A6CF883C27
:1084600009F4A3CF883B09F07BCFE091D30B81E0E7
:108470008E0F8093D30BF0E0E055F44F8081809312
:10848000BB009091D30B8091D20B29C08091100F2B
:108490008093BB0085EC8093BC0062CF9091320F3B
:1084A0008091310F981758F5E091320F81E08E0FCF
:1084B0008093320FF0E0EF5EF04F8081E9CFE091E2
:1084C000320F81E08E0F8093320F8091BB00F0E07D
:1084D000EF5EF04F80839091320F8091310F9817AB
:1084E000C8F285E8D8CFE091320F81E08E0F8093FB
:1084F000320F8091BB00F0E0EF5EF04F80838091FF
:10850000340F81115CCF81E080930F0F84EA809358
:10851000BC001092350F24CF85EC8093BC001092E4
:10852000350F8091F60B803230F4E091F60BF0E0DD
:10853000EA52F44F10826091F60B70E0E091D40B98
:10854000F091D50B86ED9BE019951092F60B08CFB4
:108550001092330F34CF1F920F920FB60F92112447
:108560000BB60F922F933F934F935F936F937F932D
:108570008F939F93AF93BF93EF93FF93E09101028B
:10858000F09102021995FF91EF91BF91AF919F91E8
:108590008F917F916F915F914F913F912F910F90AC
:1085A0000BBE0F900FBE0F901F9018951F920F9249
:1085B0000FB60F9211240F931F932F933F934F9356
:1085C0005F936F937F938F939F93AF93BF9320910C
:1085D000240130912501D09B0BC081E08ABB8091A2
:1085E000100C9091110C01969093110C8093100C2B
:1085F0008091120C9091130C01964091090C5091AE
:108600000A0C8417950708F445C01092130C1092B9
:10861000120C8091100C9091110CB0E0A0E0DC01E4
:1086200099278827820F931FA11DB11D40910C0C23
:1086300050910D0C60910E0C70910F0C8C019D01EE
:10864000041B150B260B370BB901A8014093000C36
:108650005093010C6093020C7093030C80930C0CEC
:1086600090930D0CA0930E0CB0930F0C81E08093AF
:108670000B0CBF91AF919F918F917F916F915F9103
:108680004F913F912F911F910F910F900FBE0F901F
:108690001F9018959093130C8093120CEACF2CEC3A
:1086A00038E0FC01318720870C949408E0E6FFE075
:1086B0001382128288EE93E0A0E0B0E08483958379
:1086C000A683B7832EE934E03183208345E351E06C
:1086D0005587448744E351E05787468740E351E09C
:1086E000518B408B41E351E0538B428B42E351E08D
:1086F000558B448B46E351E0578B468B118E128E7F
:10870000138E148EEDEFFFE0138212828483958323
:10871000A683B7833183208345ED50E05587448796
:1087200044ED50E05787468740ED50E0518B408B39
:1087300041ED50E0538B428B42ED50E0558B448B22
:1087400046ED50E0578B468B118E128E138E148E91
:10875000EAE9F0E11382128284839583A683B783CA
:108760003183208325EC30E03587248724EC30E00A
:108770003787268720EC30E0318B208B21EC30E0EE
:10878000338B228B22EC30E0358B248B26EC30E0CF
:10879000378B268B118E128E138E148EE7E3F1E148
:1087A0001382128284839583A683B78380EB94E03F
:1087B00091838083EFEBF1E189E281839FEF9283E4
:1087C00040E050E060E070E841875287638774873B
:1087D00014821382168215821086178281E08083AC
:1087E000E2EBF1E12AE2218392834187528763879A
:1087F00074871482138216821582108617828083F2
:1088000087EA91E10E944F438CE991E10E944F4336
:1088100081E991E10E944F4386E891E10E944F4334
:108820008BE791E10E944F43E0E7F1E141E050E046
:1088300060E070E0408351836283738382E090E064
:108840009187808714821582168217821286E5E648
:10885000F1E140835183628373839187808714821F
:108860001582168217821286EAE5F1E14083518370
:1088700062837383918780871482158216821782A0
:108880001286EFE4F1E183E090E0A0E0B0E08083C5
:108890009183A283B3838AE090E0918780871482DA
:1088A0001582168217821286E4E4F1E186E090E0F8
:1088B000A0E0B0E080839183A283B38384E690E05C
:1088C00091878087148215821682178212861092F1
:1088D00043110895CF93DF9300D000D0CDB7DEB71A
:1088E000789484B5826084BD84B5816084BD85B58B
:1088F000826085BD85B5816085BD80916E00816097
:1089000080936E001092810080918100826080933C
:10891000810080918100816080938100809180003E
:108920008160809380008091B10084608093B10069
:108930008091B00081608093B0008091910082604E
:10894000809391008091910081608093910080914B
:1089500090008160809390008091A100826080935C
:10896000A1008091A10081608093A1008091A0006E
:1089700081608093A0008091210182608093210119
:10898000809121018160809321018091200181608B
:108990008093200180917A00846080937A00809196
:1089A0007A00826080937A0080917A00816080935F
:1089B0007A0080917A00806880937A001092C100DA
:1089C0000E94FE38B4E64B2E512C612C712C809104
:1089D000EC0E811106C01092EB0E1092EA0E10926E
:1089E000E90E8FE00E94DA0B059724F48CE991E1FF
:1089F0000E9494088BE00E94470B892B09F4C9C19F
:108A00008CE00E94DA0B4C01990FAA08BB088DE09C
:108A10000E94DA0B81149104A104B10409F0C0C1D1
:108A20008BE00E94470B892B09F4FDC18FE00E9467
:108A3000DA0BE0915D02F0E0EE0FFF1FE259FB4F11
:108A400020813181DC010E941758A30192010E940C
:108A50007C57BA01A9018AE591E10E948E0E7093BC
:108A6000C40E6093C30E8091E80E813009F074C08B
:108A70008091E70E8111DDC080915D02882309F4A9
:108A8000D8C08091E60E8111D4C08091E50E81118D
:108A900063C08BE00E94470B892B71F08091EC0E34
:108AA000811106C00E941B258BE791E10E9494086A
:108AB00086E891E10E9494088BE00E94470B892B85
:108AC00051F58AE00E94470B892B29F5C090E30EEF
:108AD000D090E40E0D2C000CEE08FF0886E891E122
:108AE0000E942A0C6C157D058E059F05A0F08091D3
:108AF000EC0E882381F00E94C9248BE791E10E944B
:108B00002A0C60937F117093801180938111909350
:108B10008211109285118BE00E94470B892B99F4EA
:108B20008AE00E94470B892B71F08091E20E882326
:108B300051F08091EC0E811106C00E941B258BE73D
:108B400091E10E9494088AE00E94470B892B21F052
:108B500086E891E10E9494088091E80E811169C035
:108B60008091E70E811169C08091E60E811165C088
:108B70008091E50E811161C08BE00E94470B892B2B
:108B800089F08091E10E811109C081E08093E10EAE
:108B90008091DF0E9091E00E0E947C1686E891E1B4
:108BA0000E9494088BE00E94470B892B11F58AE004
:108BB0000E94470B892BE9F4C090E30ED090E40E9D
:108BC0000D2C000CEE08FF0886E891E10E942A0CAB
:108BD0006C157D058E059F0560F08091E10E882360
:108BE00041F01092E10E8091DD0E9091DE0E0E9418
:108BF0007C168BE00E94470B892B91F48AE00E943F
:108C0000470B892B69F08091E10E811109C081E049
:108C10008093E10E8091DB0E9091DC0E0E947C1619
:108C20008AE00E94470B892B21F086E891E10E949F
:108C300094088091E80E8111CDC18AE00E94470B13
:108C4000892B09F4AFC18091DA0E8111ABC18CE997
:108C500091E10E942A0C643F71408105910508F45E
:108C60009DC18091E20E882309F498C110925D02A3
:108C70004091620E49834093150C60E084E00E94AD
:108C8000700B61E08FE10E94700B8981805F0E9410
:108C9000E1201092130C1092120C1092110C1092F1
:108CA000100C10920C0C10920D0C10920E0C1092D5
:108CB0000F0C10920B0C809120018093050C809179
:108CC00021018093040C1092210110922001109236
:108CD00025011092240181E08ABB109273008091DB
:108CE000B0008093070C8091B1008093060C109225
:108CF000B10082E08093B0009CE79093B30097E0CE
:108D00009093080C87BB1092B200A2E0B0E0B09341
:108D10000A0CA093090C2FB7F89483BD3091080C6E
:108D20003093B100809370008BE08150F1F7909305
:108D300021012FBF1D82198210E000E08AE00E940D
:108D4000470B892B09F076C01092B1001092700089
:108D50008091070C8093B0008091060C8093B10045
:108D6000109221018091050C809320018091040CC8
:108D70008093210160E08FE10E94700B90915D0271
:108D80008091140C9813FFC08091150C0E94E12073
:108D9000FCC08AE00E94470B892B09F031CE40CEFF
:108DA0006C01990FEE08FF08C114D104E104F1042D
:108DB00009F436CE2091140230911502409116022A
:108DC0005091170229833A834B835C83A501940158
:108DD00069817A818B819C810E94D757A30192017E
:108DE0000E947C57BA01A90180E791E10E948E0E92
:108DF0007093CE0E6093CD0EA701960169817A81A2
:108E00008B819C810E94D757A30192010E947C57BD
:108E1000BA01A90185E691E10E948E0E7093C80EF9
:108E20006093C70EFDCD8AE00E94470B892B09F0A5
:108E3000FDCD19CE80910B0C8823E1F32FB7F89468
:108E40008091000C9091010CA091020CB091030C48
:108E500010920B0C2FBFAC01BD01475D564061095C
:108E600071094D3551406105710510F40C949B5604
:108E7000AC01BD01495B5B40610971094B3D554047
:108E80006105710510F40C94A256AC01BD01455268
:108E90005341610971094F3153406105710510F467
:108EA0000C94A456AC01BD0141595A4161097109A4
:108EB0004B3B52406105710510F40C94A656AC0171
:108EC000BD0149545642610971094F3A5440610548
:108ED000710510F40C94A856AC01BD014D5B5443D0
:108EE000610971094B3D55406105710510F40C9401
:108EF000AA56AC01BD0149565244610971094F3C63
:108F000057406105710510F40C94AC56AC01BD01DD
:108F100045515045610971094B3D55406105710549
:108F200010F40C94AE56AC01BD014D5C5B4561097B
:108F300071094B3657406105710510F40C94B05619
:108F40008D569B46A109B109833C9940A105B10505
:108F500010F40C94B256298180E0222321F0822F54
:108F60003D813F5F3D834D81453028F059815093CD
:108F70005D0203E610E00F5F1F4F0A3011050CF091
:108F8000E3CE8983DBCE0E94533381E08093DA0EF7
:108F900062E370E080E090E00E94F70B8091E80EC1
:108FA000811118C08AE00E94470B892B99F4C09068
:108FB000E30ED090E40E0D2C000CEE08FF0886E8BE
:108FC00091E10E942A0C6C157D058E059F0510F01D
:108FD0001092DA0E8091E60E81116EC08FE00E9431
:108FE000DA0B181619060CF067C08091E50E811196
:108FF00063C080915C02882309F454C083E00E941E
:10900000250F8A3091050CF024C18091D10E882360
:10901000D9F080915102811117C010925F0F009119
:10902000CF0E1091D00E22E030E04BEC50E066E421
:1090300070E082E592E00E94631481E991E10E9470
:10904000940881E08093510281E991E10E942A0C09
:10905000643671058105910578F18091510288236C
:1090600059F110925F0F0091D40E1091D50E22E0AD
:1090700030E04BEC50E066E470E087E592E00E945F
:10908000631467E572E082E592E00E942F5881E95F
:1090900091E10E94940810925C021092D10E1092FD
:1090A00051020AC086E891E10E942A0C64367105DB
:1090B0008105910508F0A2CF80914F029091500256
:1090C00001968230910509F419C190935002809362
:1090D0004F028091AB0E9091AC0E019682309105BB
:1090E00009F4D3C29093AC0E8093AB0E8091EC0E3A
:1090F00081111AC08091780E8430D1F40E945412EC
:1091000089830E945412B9818B13F8CFE981E11150
:10911000E093770E8091770E90915D02891741F070
:1091200080935D020E9453338091EC0E811138C010
:109130008091780E8630D1F40E94D91189830E94E3
:10914000D911F9818F13F8CF298121112093770E3E
:109150008091770E90915D02891741F080935D02B6
:109160000E9453338091EC0E81111AC08091780EC9
:109170008530B1F40E94121289830E941212398143
:109180008313F8CF498141114093770E8091770E78
:1091900090915D02891721F080935D020E94533304
:1091A0008FEB91E10E94D020882309F458C7F894EE
:1091B0008FEB91E10E94D91F78946091C411709156
:1091C000C511072E000C880B990B6E557140810953
:1091D000910942E0660F771F881F991F4A95D1F7C2
:1091E00026E13DE040E050E00E947C57522F550FB1
:1091F000550F520F59832091C2113091C311032E84
:10920000000C440B550B2A503F4041095109A5E081
:10921000B0E00E949B5726E832EF4FEF5FEF0E94CD
:109220007C578981820F85508A3008F09EC6E82FCE
:10923000F0E08827E15EF64B8F4F0C940F58B24F49
:109240009450965098509A50B24F945096509850CF
:109250009A502091D80E3091D90EA9014F5F5F4FDF
:109260004817590734F021503109821793070CF041
:10927000CCCE9093D90E8093D80E2091D60E3091FB
:10928000D70E823191057CF02091D20E3091D30E11
:109290003093D50E2093D40E2091DF0E3091E00E46
:1092A0008931910524F03093D50E2093D40E6AE0D5
:1092B00070E00E94FB579F938F937F936F938AEB8D
:1092C00096E09F938F931F9285E08F9387E592E0BE
:1092D0009F938F930E945F5867E572E082E592E06A
:1092E0000E9426580FB6F894DEBF0FBECDBF892B63
:1092F00009F48BCE81E08093D10E87CE109250027C
:1093000010924F0280915D028A3009F47DC184E998
:1093100092E048E552E02091CD0E3091CE0E4217FA
:10932000530738F44091CC0E413019F442E0409399
:10933000CC0E8217930728F483E08093CC0E0E9412
:10934000F6208091CC0E9091CB0E891729F1809355
:10935000CB0E2091D60E3091D70E3093CA0E2093AB
:10936000C90E823009F055C18091D20E9091D30E72
:109370009093CA0E8093C90E10925F0F0091C90E90
:109380001091CA0E2AE030E049E150E062E570E059
:1093900084E190E00E9430148091C70E9091C80E35
:1093A0008D32B1E09B07A8F02091C60E213019F450
:1093B00022E02093C60E853F914058F083E08093D1
:1093C000C60E80E098EF9093D50E8093D40E0E9445
:1093D000F6208091C60E9091C50E8917F1F080930A
:1093E000C50E0091D20E1091D30E823051F0009133
:1093F000D60E1091D70E833021F40091DF0E10911C
:10940000E00E10925F0F2AE030E049E150E062E5A3
:1094100070E084E590E00E9430148091C30E90913A
:10942000C40E8538F3E09F0768F02091C20E21300A
:1094300019F422E02093C20E8D34944018F083E09A
:109440008093C20E2091C10E213011F41092C20EF1
:109450009091EC0E911102C01092C20E8091C20E3A
:109460003091C00E8317E9F08093C00E0091D60EA4
:109470001091D70E213011F408E212E4823009F085
:10948000D0C00091D20E1091D30E10925F0F2AE03F
:1094900030E049E150E062E570E084E990E00E944C
:1094A00030140E948224B0E0A0E08093BC0E909320
:1094B000BD0EA093BE0EB093BF0E853C39E093075E
:1094C000A105B1050CF4BAC083E08093BB0E0E94E5
:1094D000F6208091BB0E9091BA0E891721F18093EE
:1094E000BA0E0091D20E1091D30E823081F000910D
:1094F000DF0E1091E00E833051F00091D60E1091E6
:10950000D70E843021F40091DB0E1091DC0E109206
:109510005F0F2AE030E049E150E062E570E084ED61
:1095200090E00E9430140E945224B0E0A0E08093AA
:10953000B60E9093B70EA093B80EB093B90E60918B
:109540004D0270914E0248EC469F9001479F300DAE
:109550001124E4EBE69FA001E79F500D1124052E96
:10956000000C660B770B481759076A077B073CF41A
:109570004091B50E413019F442E04093B50E032EF0
:10958000000C440B550B281739074A075B072CF4CE
:1095900083E08093B50E0E94F6208091B50E9091E5
:1095A000B40E8917F1F08093B40E0091D20E109191
:1095B000D30E823051F00091D60E1091D70E833029
:1095C00021F40091DF0E1091E00E10925F0F2AE05F
:1095D00030E049E150E062E570E084E191E00E9412
:1095E00030148091B20E9091B30E2091B00E309154
:1095F000B10E28173907E8F58091AF0E8F5F809381
:10960000AF0E0E94981165CD8AEF90E048EC50E0D3
:1096100082CE833009F0B0CE8091DF0E9091E00EC3
:10962000A7CE833009F031CF0091DF0E1091E00E0C
:10963000992309F42ACF0E94F62027CF883948E0E1
:109640009407A105B10524F081E08093BB0E41CFC2
:1096500022E02093BB0E803D57E09507A105B105A0
:109660000CF037CF2091E20E21110C94B45683E018
:10967000ECCF2091AD0E3091AE0E8217930708F01B
:1096800028CD8091AF0E8150BACF1092AC0E1092BF
:10969000AB0E80E00E94250F9C018091E90E909115
:1096A000EA0E8217930720F43093EA0E2093E90E16
:1096B0009091AA0E913009F0C4C2A9E1B1E00E94D4
:1096C000C85724EF31E040E050E00E947C57215F12
:1096D0003F4F4F4F5F4F30934C0220934B021092FD
:1096E0005F0F80914B0290914C029A83898389325B
:1096F000914020F0E8E2F1E0FA83E98329813A81A0
:109700002F30310520F44FE050E05A83498389819E
:109710009A8190934C0280934B02009149021091E0
:109720004A020817190708F0BEC0E090A80EF09092
:10973000A90E970146E150E06EE270E0C8010E9478
:10974000FA16970146E150E06EE270E0C80101961A
:109750000E94FA16970146E150E06EE270E0C801FF
:1097600002960E94FA16970146E150E06EE270E020
:10977000C80103960E94FA160091A60E1091A70E3A
:10978000980146E150E06EE270E089819A810E9482
:10979000FA16980146E150E06EE270E089819A8104
:1097A00001960E94FA16980146E150E06EE270E0E0
:1097B00089819A8102960E94FA16980146E150E04A
:1097C0006EE270E089819A8103960E94FA16A9815F
:1097D000BA81B0934A02A09349020091A30E10915E
:1097E000A40E8091A50E882321F00A171B0708F00C
:1097F00068C0970146E150E06EE270E0C80104964F
:109800000E94FA16970146E150E06EE270E0C8014E
:1098100005960E94FA16970146E150E06EE270E06C
:10982000C80106960E94FA16970146E150E06EE2E2
:1098300070E0C80107960E94FA160091A10E1091DF
:10984000A20E980146E150E06EE270E089819A81B3
:1098500004960E94FA16980146E150E06EE270E02C
:1098600089819A8105960E94FA16980146E150E096
:109870006EE270E089819A8106960E94FA1698013C
:1098800046E150E06EE270E089819A8107960E947D
:10989000FA16E981FA81F093A40EE093A30E87EA09
:1098A00091E10E94940820914B0230914C023A833E
:1098B00029830091490210914A022017310709F0CB
:1098C000F8C181E08093A50E8091A50E8823E1F177
:1098D00087EA91E10E942A0C68387341810591055D
:1098E00098F11092A50E0091A80E1091A90EE0918A
:1098F000A30EF091A40EFA83E983980146E150E0AB
:109900006EE270E0CF0104960E94FA16980146E1DB
:1099100050E06EE270E089819A8105960E94FA1605
:10992000980146E150E06EE270E089819A810696E6
:109930000E94FA16980146E150E06EE270E08981DB
:109940009A8107960E94FA161091A00E113009F024
:1099500049C00E94522425E0289FA001299F500D54
:1099600011245A83498380914702909148024817F5
:109970005907C1F1509348024093470210935F0F7B
:109980000091CF0E1091D00E22E030E040E550E083
:1099900061E470E08CE392E00E9463145A815F936B
:1099A00089818F9383ED98E09F938F931F928BE033
:1099B0008F938CE392E09F938F930E945F58009166
:1099C0009E0E10919F0E22E030E040E550E061E4F1
:1099D00070E08CE392E00E9463140FB6F894DEBF4F
:1099E0000FBECDBF80919C0E90919D0E9C012F5F6C
:1099F0003F4F883C910509F4BEC130939D0E2093E2
:109A00009C0E8091EC0E882309F4C2C08091EB0E6D
:109A10008111BEC010925F0FE091CF0EF091D00E79
:109A2000FA83E9838F0122E030E049E950E06BE4FA
:109A300070E086E89EE00E94631409811A8122E0AA
:109A400030E049E950E068EF70E082E89EE00E9473
:109A500063148BE791E10E942A0C6C3271408105FE
:109A6000910508F495C08FE60E94E60885E090E035
:109A70000E94230E80E00E94BB0C83E090E00E94D5
:109A80004A2361E070E080E090E00E94F70B0E94C2
:109A9000030989830E940309182F0E9403098D83FB
:109AA0000E94AB0D312E212CC101330CAA0BBB0B34
:109AB0002981422F50E070E060E0BA015527442729
:109AC000840F951FA61FB71FBC01CD013D81630FF9
:109AD000711D811D911D20E43FE140E050E00E9496
:109AE0007C5749015A018091E90E9091EA0EAC0130
:109AF00070E060E0481559056A057B050CF048C028
:109B000024E6289FB001299F700D112490E080E089
:109B1000A50194010E947C5769017A012AE04EE771
:109B20005EE0C501B4010E9408572AE04AE75EE002
:109B3000C701B6010E94085740919E0E50919F0E9A
:109B40005A8349838A0122E030E049E950E06BE41E
:109B500070E08EE79EE00E94631409811A8122E082
:109B600030E049E950E068EF70E08AE79EE00E944B
:109B700063146EE77EE086E89EE00E942F586AE755
:109B80007EE082E89EE00E942F5881E08093EB0EF9
:109B90000E9482249A838983B0E0A0E08093BC0E67
:109BA0009093BD0EA093BE0EB093BF0E883998401F
:109BB000A105B105F4F41092790E0E94182487FFD4
:109BC00080C12EE130E040E550E062E970E08FE3D3
:109BD00090E00E94581700E018EF22E030E049E9D9
:109BE00050E06BE470E084EE98E00E9463140E9401
:109BF000F6208091790E811179CA89819A818959DB
:109C000098408B32914008F071CA81E08093790EC0
:109C10002EE130E040E550E062E970E08FE390E053
:109C20000E94581700919E0E10919F0E22E030E086
:109C300049E950E066E770E08CE798E00E94631421
:109C400055CA923029F481E00E94250F9C0135CD40
:109C5000933059F482E00E94250F9C01A9E1B1E004
:109C60000E94C857A301920130CD943089F420910D
:109C7000BC0E3091BD0E4091BE0E5091BF0EA9E1B9
:109C8000B1E00E949B5720E639E040E050E01DCD56
:109C90002091B60E3091B70E4091B80E5091B90E8A
:109CA000A9E1B1E00E949B5720EA3FE040E050E08C
:109CB0000CCD49815A814017510708F005CE81E04B
:109CC0008093A50EE090A80EF090A90E970146E1B2
:109CD00050E06EE270E0C8010E94FA16970146E17A
:109CE00050E06EE270E0C80101960E94FA169701FA
:109CF00046E150E06EE270E0C80102960E94FA165A
:109D0000970146E150E06EE270E0C80103960E94C0
:109D1000FA160091A60E1091A70E980146E150E0A8
:109D20006EE270E089819A810E94FA16980146E1FC
:109D300050E06EE270E089819A8101960E94FA16E5
:109D4000980146E150E06EE270E089819A810296C6
:109D50000E94FA16980146E150E06EE270E08981B7
:109D60009A8103960E94FA1689819A8190934A02F9
:109D700080934902A9CD10929D0E10929C0EF894EA
:109D80008EE00E94DA0B78942BEC37E0DC010E9425
:109D900017582FEF33E040E050E00E947C57BA01A3
:109DA000A9014B5F5F4F6F4F7F4F84E491E10E94A9
:109DB0008E0E4B017A8369837093B30E6093B20E5B
:109DC000E090D60EF090D70E653F7140B8F0498113
:109DD0005A81E090D20EF090D30E4B38524070F082
:109DE000E090DF0EF090E00EA981BA81AD3BB24069
:109DF00028F08091EC0E81110E94F620D0903B0259
:109E0000D1100FC0F9E0F89DC001F99D900D11240B
:109E100065E070E00E94E7579B01205C3E4F3A836B
:109E2000298389819A816AE070E00E94FB577A83D6
:109E3000698370939B0E60939A0E80913902909182
:109E40003A026817790709F4DCCD70933A026093FF
:109E5000390210925F0F0091CF0E1091D00E22E0C8
:109E600030E04BEC50E06DEE70E08AE89EE00E943E
:109E7000631483E4D11001C086E41F928F935A814A
:109E80005F9389818F938DED98E09F938F931F92BD
:109E900080E18F938AE89EE09F938F930E945F58A2
:109EA000870122E030E04BEC50E06DEE70E08AE894
:109EB0009EE00E9463140FB6F894DEBF0FBECDBFC4
:109EC000A0CD0E94182485FF15C02EE130E040E5AA
:109ED00050E062E970E08FE390E00E94581700E0E4
:109EE00018EF22E030E049E950E06BE470E089EEE1
:109EF00098E07BCE0E94182483FF15C02EE130E04D
:109F000040E550E062E970E08FE390E00E9458176E
:109F100000E018EF22E030E049E950E06BE470E047
:109F20008EEE98E062CE8091E50E811166CE809132
:109F3000E20E811162CE2EE130E040E550E062E9B0
:109F400070E08FE390E00E9458170FE110E022E0EC
:109F500030E049E950E06BE470E083EF98E00E9464
:109F6000631447CE81E08093AA0E9091760E998378
:109F70001091AA0E911709F46CC0A92FA150BB0B28
:109F800036E0AA0FBB1F3A95E1F7BA83A983109276
:109F90005F0FC090180CD090190C4D01BAE08B0ED9
:109FA000911C96014EE150E064E670E0C4010E940D
:109FB000FA16A980BA80EBE0AE0EB11C96014CE116
:109FC00050E065E670E0C5010E94FA16E090160CBC
:109FD000F090170C97014EE150E064E670E0898143
:109FE0009A81C6960E94FA1697014CE150E065E608
:109FF00070E089819A81C5960E94FA1696014CE21A
:10A0000050E064E670E0C4010E94281796014AE21D
:10A0100050E065E670E0C5010E94281797014CE208
:10A0200050E062E870E0C4010E94281797014AE2FC
:10A0300050E061E870E0C5010E942817812F90E090
:10A040000E94191A1093760E612F8FE090E00E9403
:10A05000582D8FEB91E10E94D0208111FACF82EB35
:10A0600091E10E94D020882309F4F2C0F89482EB99
:10A0700091E10E94D91F78946091B7117091B81145
:10A08000072E000C880B990B6E55714081099109C0
:10A0900022E0660F771F881F991F2A95D1F726E1C6
:10A0A0003DE040E050E00E947C57F22FFF0FFF0F91
:10A0B000F20FF9832091B5113091B611032E000CE7
:10A0C000440B550B2A503F4041095109A5E0B0E02F
:10A0D0000E949B5726E832EF4FEF5FEF0E947C57BC
:10A0E000E981E20F8091E70E81114DC2E43108F061
:10A0F000A9C0F0E08827E058FF4A8F4F0C940F5812
:10A100009C509C502251225122519C509C50B05244
:10A11000025213522752275299522251225127524A
:10A120002752B5527052705282E01DCF83E01BCF90
:10A1300084E019CF85E017CF8FE00E94DA0B892BDE
:10A1400009F080C08091E80E8F5F8093E80E823026
:10A1500011F41092E80E8091E50E882309F45AC09C
:10A1600060E087E10E94700B61E070E080E090E0C9
:10A170000E94F70B61E087E10E94700B1092750E50
:10A180001092E50E10925F0F2EE130E040E550E0B6
:10A1900062E970E08FE390E00E94581720919E0ED4
:10A1A00030919F0E3A832983890122E030E049E90A
:10A1B00050E066E770E08CE798E00E9463142EE1BF
:10A1C00030E040E550E062E970E086EE90E00E9409
:10A1D000581709811A8122E030E049E950E068E12E
:10A1E00071E08DE795E00E94631481E08093CC0ECE
:10A1F0008093C60E8093C20E8093BB0E8093B50EE3
:10A200001092CB0E1092C50E1092C00E1092BA0E84
:10A210001092B40E0E94C92410925F0F2EE130E01C
:10A2200040E550E064EC70E08FE390E00E94581746
:10A2300068EC70E080E090E00E94F70B1092510211
:10A240000E94CE1582EB91E10E94D0208111FACFBD
:10A250008091740E882309F488C08BE20E94470B1A
:10A260002091E60E222309F480C0892B09F07DC0DD
:10A270000E946C2D6FE079E08DE49CE00E942F58E5
:10A280000E94F32288E49CE00E94C356682F20912C
:10A290005D02822F90E0FC01E35CF34F60838896BF
:10A2A0000E94582D63E179E08DE49CE00E942F58D4
:10A2B0000E94F32288E49CE00E94C356682F2091FC
:10A2C0005D02822F90E0FC01EE5CF34F6083C49648
:10A2D0000E94582D67E179E08DE49CE00E942F58A0
:10A2E0000E94F3228091480C50915D025983803383
:10A2F00009F0B9C4E52FF0E0E95DF34F108288E47E
:10A300009CE00E94C356B981AB2FB0E0FD01E95D2E
:10A31000F34F8083682FCD01805C9F4F0E94582DA2
:10A320006BE179E08DE49CE00E942F580E94F322BB
:10A330008091480CE0915D02E983803309F09EC46E
:10A34000F0E0E45EF34F108288E49CE00E94C35684
:10A350005981452F50E0FA01E45EF34F8083682F66
:10A36000CA01845B9F4F0E94582D8091EC0E811191
:10A37000D9C48DEF9FE00E94DE09892B09F489C4BE
:10A380008DEF9FE00E946B09E0915B0EF0915C0EF7
:10A39000E552F24F80838B3319F58091D50C909163
:10A3A000D60CE5E5FCE0DC01A552B24F4C9141939F
:10A3B0001C9201969F0125553C408038910510F074
:10A3C00090E080E04B3379F79093D60C8093D50CD6
:10A3D0002B5A334FD9011C9282E090E00E94223424
:10A3E00080915B0E90915C0E019690935C0E809331
:10A3F0005B0E8038910508F4BCCF10925C0E109271
:10A400005B0EB7CF8091EC0E81111CCF80915D0265
:10A410008F5F80935D028B3018F081E080935D0246
:10A420000E9453330FCF8091EC0E81110BCF80919E
:10A430005D02815080935D02811103C08AE08093A8
:10A440005D0280915D028F3F59F78AE0E7CF8091EE
:10A45000EC0E8111F7CE80915D0290E0FC01E25D8F
:10A46000FD4F20812F5F2083233011F421E02083D2
:10A47000608103960E94582DE0915D02F0E0E25D5C
:10A48000FD4F808160E0813019F0823021F461E07D
:10A4900081E20E94700B0E94602B10925F0F2EE1F0
:10A4A00030E040E550E064EC70E08FE390E00E9423
:10A4B000581768EC70E080E090E00E94F70B109273
:10A4C000D90E1092D80E60E477E087E592E00E9402
:10A4D0002F5860E477E082E592E00E942F58B2CED8
:10A4E0008091740E882309F4ADCE8091EC0E811119
:10A4F000A9CE8091E60E8111A5CE8091730E8F5F5B
:10A500008093730E823011F41092730EE0915D020D
:10A51000F0E0E859F14F8091730E80830E948F2202
:10A5200080915D0290E06091730E47960E94582DD5
:10A5300089CE8091740E811185CE8091EC0E8111AF
:10A5400081CE31E030935F0F8091CF0E9091D00E8D
:10A550000E94751E0E948A1841E04093E70E72CE59
:10A560008091740E8111E9CF6DCE8091740E882395
:10A5700009F468CE82EB91E10E94D0208111FACFDC
:10A580000E94D72F5FCE813009F0E5C2E23108F09A
:10A5900059CEF0E08827E053FD4A8F4F0C940F58B6
:10A5A000E252E252225152535253B953B953CB5350
:10A5B000C453C453A555A555CB5322512251A5557B
:10A5C000A55555558091670E81113CCE81E0809351
:10A5D0005F0FE090CF0EF090D00ED090660E8D2DD4
:10A5E000880F990B9A838983FC01EC57FB4F8701F5
:10A5F00022E030E044E150E061E470E0808191814C
:10A600000E946314A981BA81A85EBD4F22E030E0A8
:10A6100040E550E061E470E08D919C910E946314EC
:10A62000DA94D092660ED7FE03C08AE08093660E5D
:10A630008091660E8A3039F48091650E811103C0D5
:10A64000B9E0B093660EE091660E00919E0E1091F7
:10A650009F0E2E2F220F330B3A832983F901EC57DB
:10A66000FB4F22E030E044E150E061E470E08081A3
:10A6700091810E9463140091630E1091640E4981D0
:10A680005A81485E5D4F5A83498322E030E040E5BD
:10A6900050E061E470E0A981BA818D919C910E94A3
:10A6A0006314D0CD8091670E8111CCCD81E0809371
:10A6B0005F0FE090CF0EF090D00ED090660EED2D93
:10A6C000EE0FFF0BFA83E983EC57FB4F870122E083
:10A6D00030E044E150E061E470E0808191810E94CB
:10A6E000631429813A81285E3D4F3A83298322E011
:10A6F00030E040E550E061E470E0A981BA818D91DD
:10A700009C910E94631481E08D0D8093660E8A30C7
:10A7100041F48091650E811104C0D394D394D092FA
:10A72000660E8091660E8B3014F01092660EB0911A
:10A73000660E00919E0E10919F0EEB2FEE0FFF0BF9
:10A74000FA83E983EC57FB4F22E030E044E150E02C
:10A7500061E470E0808191810E9463140091630E36
:10A760001091640E29813A81285E3D4F3A832983F6
:10A770008CCF8091670E60E0813009F063CD8091CD
:10A78000660E0E9423315ECD8091670E813009F004
:10A7900059CD61E0F4CF81E080935F0FB091660EF8
:10A7A000B983E090CF0EF090D00ECB2ECC0CDD080C
:10A7B000F601EC57FB4F80809180E091630EF091A1
:10A7C000640EFE83ED839091670E91119BC0809380
:10A7D000670E00911A0C10911B0C22E030E044E14E
:10A7E00050E061E470E0C4010E94631487012DE22F
:10A7F00030E049E250E068E070E08EE090E00E94D6
:10A8000030142DE230E049E250E068E070E08AE088
:10A8100091E00E943014F981F73009F43FC0F9301B
:10A82000E9F100919E0E10919F0EF601E85EFD4F3A
:10A8300022E030E040E550E061E470E08081918109
:10A840000E9463142CE230E048E250E064E470E0DF
:10A850008EE090E00E94F1170D811E8124E030E02F
:10A860004EE450E068E170E08EEF94E00E946314E3
:10A870002CE230E048E250E064E470E08AE091E0ED
:10A880000E94F1170D811E8124E030E04EE450E07B
:10A8900062E171E080E095E00E946314870122E0AC
:10A8A00030E044E850E06CE770E082E095E00E9420
:10A8B00063140D811E8122E030E044E850E066E937
:10A8C00070E088EF98E00E9463142981273009F036
:10A8D000B9CC8091E80E8093610E81E08093E80E00
:10A8E00023E030E030934E0220934D028093A00E7F
:10A8F0008091620E8E5F0E94E12061E084E00E9400
:10A90000700BA0CC870122E030E044E850E066E91B
:10A9100070E088EF98E00E9463141092670EA09098
:10A920009E0EB0909F0E850122E030E044E150E0A1
:10A9300061E470E0C4010E946314F601E85EFD4F1B
:10A940000D811E8122E030E040E550E061E470E0DE
:10A95000808191810E94631487012DE230E049E2F9
:10A9600050E064E470E08EE090E00E9430142DE24C
:10A9700030E049E250E064E470E08AE091E00E9457
:10A9800030142CE230E048E250E068E070E08EE005
:10A9900090E00E94F1170D811E8124E030E042E139
:10A9A00050E068E170E08EEF94E00E9463142CE2C6
:10A9B00030E048E250E068E070E08AE091E00E9418
:10A9C000F1170D811E8124E030E042E150E062E1A8
:10A9D00071E080E095E00E9463143981373051F5D1
:10A9E00060E084E00E94700B8091620E0E94E12082
:10A9F0008091610E8093E80E84E190E090934E0286
:10AA000080934D021092A00E870128E230E044ECC2
:10AA100050E066E470E08EE390E00E9430140D8117
:10AA20001E8122E030E044E850E06CE770E082E014
:10AA300095E035CE4981493091F7850122E030E03B
:10AA400040E550E061E470E08BEF98E00E94631411
:10AA500040E05BE460E070E08AE990E10E94192147
:10AA60006CE079E080E69FE00E946B228AE990E149
:10AA70000E94DE09892B49F08AE990E10E946B0966
:10AA8000682F80E69FE00E942A0A80E69FE00E94ED
:10AA9000DE09892B59F380E69FE00E946B09682F3D
:10AAA0008AE990E10E942A0AE1CF8091660E833004
:10AAB000A9F50E94741092E09093CB0E81E08093F0
:10AAC000CC0E9093C50E8093C60E9093C00E8093CB
:10AAD000C20E9093BA0E8093BB0E9093B40E8093E7
:10AAE000B50E80919A0E90919B0E019790933A0229
:10AAF000809339020E94511D81E080935F0F809105
:10AB0000CF0E9091D00E0E94751E1092E70E0E94FB
:10AB1000E62B10925F0F0E94DF1294CB873061F713
:10AB200060E084E00E94700B8091620E0E94E12040
:10AB30008091610E8093E80E84E190E090934E0244
:10AB400080934D021092A00ED7CF82E08093E70E43
:10AB50000E947D2577CB823009F074CBE13109F476
:10AB600048C018F4EF3041F26DCBE43108F06ACB05
:10AB70008091EC0E811166CB80915D0290E0FC012A
:10AB8000E25DFD4F20812F5F2083233011F421E00F
:10AB90002083608103960E94582D81E080935F0F8F
:10ABA000E0915D02F0E0E25DFD4F80818130D1F502
:10ABB0000091CF0E1091D00E22E030E045ED50E034
:10ABC00065EF70E08FE696E00E94631400915F0EDF
:10ABD0001091600E22E030E045ED50E065EF70E04E
:10ABE00089E696E00E94631460E081E20E94700BA7
:10ABF000AFCF8091740E882309F424CB8091E60EA8
:10AC0000811107C082EB91E10E94D0208111FACF1F
:10AC1000B7CC82EB91E10E94D0208111FACF0E9443
:10AC20006C2D10CB823009F093CF0091CF0E109194
:10AC3000D00E22E030E045ED50E065EF70E089E6AF
:10AC400096E00E94631400915D0E10915E0E22E06A
:10AC500030E045ED50E065EF70E08FE696E00E9451
:10AC6000631461E0C2CF813309F049CB8981E82FB9
:10AC7000F0E0E95DF34F81E0808341CB813309F05F
:10AC800063CB2981E22FF0E0E45EF34F81E0808323
:10AC90005BCB8AE990E10E94DE09892B09F442C06E
:10ACA0008AE990E10E946B09E091D90DF091DA0DEB
:10ACB000E75AF24F80838B3319F58091570D9091AD
:10ACC000580DE7EDFCE0DC01A75AB24F4C914193DF
:10ACD0001C9201969F01275D3C408038910510F041
:10ACE00090E080E04B3379F79093580D8093570DA7
:10ACF0002952334FF901108281E090E00E94223402
:10AD00008091D90D9091DA0D01969093DA0D809390
:10AD1000D90D8038910508F4BCCF1092DA0D10924D
:10AD2000D90DB7CF8091750E81110E94CE150E946A
:10AD3000B70A0C94E7448AE0F981F8130C94B347FE
:10AD40000C94B04789E0F8CF88E0F6CF87E0F4CFE5
:10AD500086E0F2CF85E0F0CF84E0EECF83E0ECCF69
:10AD600082E0EACF81E0E8CF883C9105A105B105FA
:10AD700014F00C94694A84E08093BB0E60E00E945A
:10AD8000700B0C94694AFC0188279927E89421915B
:10AD90002032E9F3293010F02E30C8F32B3241F085
:10ADA0002D3239F4689404C00E942C57820F911DF3
:10ADB000219120532A30C0F31EF4909581959F4F26
:10ADC00008951F93FC0199278827BC01E8941191ED
:10ADD0001032E9F3193010F01E30C8F31B3251F075
:10ADE0001D3249F4689406C00E941757610F711D07
:10ADF000811D911D119110531A30B0F33EF49095BE
:10AE00008095709561957F4F8F4F9F4F1F9108954B
:10AE1000BB272A3051F4992342F4BDE290958095E6
:10AE2000709561957F4F8F4F9F4F0C943557592FD9
:10AE3000482F372F262F660F771F881F991F660F01
:10AE4000771F881F991F620F731F841F951F660F3E
:10AE5000771F881F991F08957AE0979F902D879FED
:10AE6000802D910D11240895BB27FA01A62F62179A
:10AE7000710581059105330B30FB66F0AA27660F3B
:10AE8000771F881F991FAA1FA21710F0A21B639596
:10AE90003850A9F7A05DAA3308F0A95DA19336F751
:10AEA000B111B1931082CA010C945657DC01FC0118
:10AEB000672F71917723E1F7329704C07C916D93EE
:10AEC00070836291AE17BF07C8F30895F999FECF5A
:10AED00092BD81BDF89A992780B50895262FF999DA
:10AEE000FECF1FBA92BD81BD20BD0FB6F894FA9A6D
:10AEF000F99A0FBE01960895052E97FB1EF4009453
:10AF00000E94935757FD07D00E94A65707FC03D015
:10AF10004EF40C94935750954095309521953F4FA2
:10AF20004F4F5F4F089590958095709561957F4F35
:10AF30008F4F9F4F08950E94C857A59F900DB49FB3
:10AF4000900DA49F800D911D11240895A1E21A2E49
:10AF5000AA1BBB1BFD010DC0AA1FBB1FEE1FFF1FBD
:10AF6000A217B307E407F50720F0A21BB30BE40B0D
:10AF7000F50B661F771F881F991F1A9469F7609554
:10AF80007095809590959B01AC01BD01CF0108950E
:10AF9000A29FB001B39FC001A39F700D811D11241A
:10AFA000911DB29F700D811D1124911D0895DB012B
:10AFB0008F939F930E949B57BF91AF91A29F800D4B
:10AFC000911DA39F900DB29F900D11240895AA1B6F
:10AFD000BB1B51E107C0AA1FBB1FA617B70710F084
:10AFE000A61BB70B881F991F5A95A9F780959095B6
:10AFF000BC01CD01089597FB072E16F4009407D0ED
:10B0000077FD09D00E94E75707FC05D03EF49095E4
:10B0100081959F4F0895709561957F4F0895EE0F2C
:10B02000FF1F881F8BBF0790F691E02D19940E9497
:10B03000C857B7FF0895821B930B08959111089587
:10B0400081568A5108F4805285580895FB01DC012D
:10B050008D91019080190110D9F3990B0895FB018E
:10B06000DC0101900D920020E1F70895FB01DC0165
:10B070004150504048F001900D920020C9F701C0A6
:10B080001D9241505040E0F70895FB015191552326
:10B09000A9F0BF01DC014D9145174111E1F759F4C9
:10B0A000CD010190002049F04D9140154111C9F3A7
:10B0B000FB014111EFCF81E090E0019708950F93DC
:10B0C0001F93CF93DF93CDB7DEB72E970FB6F894CB
:10B0D000DEBF0FBECDBF0E891F89888D998D26E0FA
:10B0E0002C831A83098397FF02C080E090E80197C0
:10B0F0009E838D83AE01445E5F4F6A8D7B8DCE0152
:10B1000001960E949C584D815E8157FD0AC02F8197
:10B110003885421753070CF49A01020F131FF801E8
:10B1200010822E960FB6F894DEBF0FBECDBFDF9112
:10B13000CF911F910F9108952F923F924F925F925E
:10B140006F927F928F929F92AF92BF92CF92DF9237
:10B15000EF92FF920F931F93CF93DF9300D000D015
:10B1600000D01F921F92CDB7DEB77C013B018A0150
:10B17000FC0117821682838181FFDDC1CE01019619
:10B180005C01F7019381F30193FD859193FF819118
:10B190003F01882309F453C1853239F493FD859129
:10B1A00093FF81913F01853229F4B70190E00E941D
:10B1B000B45AE7CF912C212C312CFFE1F31538F054
:10B1C0008B3211F190F4803209F1833229F137FC8E
:10B1D0003CC020ED280F2A3050F536FE20C08AE012
:10B1E000989E200D1124922E06C08D3291F080334E
:10B1F00071F7689430F8F30193FD859193FF819185
:10B200003F018111DACF21C0689431F8689432F897
:10B21000F2CF689433F8EFCF689434F8ECCFEAE0DB
:10B220002E9E200D1124222E689435F8E4CF8E3204
:10B2300029F436FC04C1689436F8DDCF8C3619F455
:10B24000689437F8D8CF8836B1F2982F9F7D9554FF
:10B250009330E0F08336A1F18337C1F1833509F0F3
:10B2600063C02801F2E04F0E511CF801C080D1806C
:10B27000692D70E036FC02C06FEF7FEFC6010E94BF
:10B280009E5A4C01689437F882010AC00C5F1F4F28
:10B29000FFE3F98388248394912C6501E89437F8BF
:10B2A00033FE2DC0522C8114910471F5552009F400
:10B2B00068CFB70180E290E00E94B45A5A94F6CF6A
:10B2C000F801808189830E5F1F4FE4CF2801F2E0EF
:10B2D0004F0E511CF801C080D180692D70E036FC02
:10B2E00002C06FEF7FEFC6010E94A95A4C01820194
:10B2F000D5CFB70180E290E00E94B45A2A94281476
:10B30000190409F0B0F7CECFF60137FC859137FE6E
:10B3100081916F01B70190E00E94B45A51105A9484
:10B32000F1E08F1A9108BFCF843619F0893609F001
:10B3300077C0F80137FE6BC0608171818281938193
:10B340000C5F1F4FF32DFF763F2E97FF09C090959E
:10B350008095709561957F4F8F4F9F4F689437F818
:10B360002AE030E0A5010E94E45AC82ECA188C2CAD
:10B37000432C36FE0CC0E89440F8C91440F434FE67
:10B3800005C032FC03C0F32DFE7E4F2E892C44FEF7
:10B39000AAC0FE01EC0DF11D8081803309F09CC034
:10B3A000242D297E422E842D8870582E43FCAAC05D
:10B3B00040FEA4C09C2C821418F42C0C922C9818DB
:10B3C00044FEA6C0B70180E390E00E94B45A42FE5A
:10B3D00009C088E790E041FE02C088E590E0B7012F
:10B3E0000E94B45AC91408F49FC0CA94D12C9FEF8C
:10B3F000C91AD90ACA0CDB1CF60182916F01B70188
:10B4000090E00E94B45AAC14BD04B1F74FCF6081F4
:10B410007181072E000C880B990B0E5F1F4F92CF86
:10B42000D32CE894D4F82AE030E08537E1F1232DDD
:10B43000297FD22E8F36A9F1F0F4883551F1F7012A
:10B44000868197812B960FB6F894DEBF0FBECDBFD5
:10B45000DF91CF911F910F91FF90EF90DF90CF90F0
:10B46000BF90AF909F908F907F906F905F904F9024
:10B470003F902F900895803749F0883701F7D4FE28
:10B4800002C06894D2F820E130E00DC06894D4F88E
:10B49000F6CF34FE03C0822F8660D82E20E132E042
:10B4A00002C028E030E0F801D7FE0FC06081718152
:10B4B000828193810C5F1F4FA5010E94E45AC82E20
:10B4C000CA183D2CE89437F852CF6081718190E022
:10B4D00080E00E5F1F4FF0CF42FC02C0839463CF29
:10B4E0008394839460CF842D867809F45CCFF6CF63
:10B4F000B70180E290E00E94B45A83948214C0F3B2
:10B50000512C5ECF522C5818821408F459CFF8CF22
:10B51000842D867809F466CF8BE241FE80E247FCF9
:10B520008DE2B70190E05CCFB70180E390E00E942C
:10B53000B45A9A9457CF8FEF9FEF84CFFC010590B8
:10B54000615070400110D8F7809590958E0F9F1F25
:10B550000895FC016150704001900110D8F780956A
:10B5600090958E0F9F1F08950F931F93CF93DF9396
:10B57000182F092FEB018B8181FD09C01FEF0FEF01
:10B58000812F902FDF91CF911F910F91089582FF0E
:10B5900014C02E813F818C819D81281739073CF48E
:10B5A000E881F981CF0101969983888310838E8188
:10B5B0009F8101969F838E83E3CFE885F985812F54
:10B5C0001995892BA1F3DACFFA01AA27283051F176
:10B5D000203181F1E8946F936E7F6E5F7F4F8F4FC4
:10B5E0009F4FAF4FB1E03ED0B4E03CD0670F781F23
:10B5F000891F9A1FA11D680F791F8A1F911DA11D08
:10B600006A0F711D811D911DA11D20D009F4689440
:10B610003F912AE0269F11243019305D3193DEF6E8
:10B62000CF010895462F4770405D4193B3E00FD09E
:10B63000C9F7F6CF462F4F70405D4A3318F0495D89
:10B6400031FD4052419302D0A9F7EACFB4E0A6956C
:10B650009795879577956795BA95C9F7009761058E
:10B66000710508959B01AC010A2E069457954795E4
:10B6700037952795BA95C9F7620F731F841F951FD9
:08B68000A01D0895F894FFCF0E
:10B68800012B0E290C290C290C290C290C290C2911
:10B698000C290C01640000000C0BFB0AEA0AD90A09
:10B6A800C80AB70AA60A950A840A730A620A010137
:10B6B8000101010101010101019DFF01202020205C
:10B6C80020202020202000FFFF0F000F0014000181
:10B6D800000120202020002020202000010AE7036C
:10B6E800E703E703E703E703E703E703E703E70302
:10B6F800E703E703E703E703E703E703E703E703F2
:10B70800E703C803950368033F031903F702D80248
:10B71800BB02A102880271025C02480236022402BE
:10B7280014020502F701E901DC01D001C401B901E5
:10B73800AF01A5019C0193018A0182017A0173017D
:10B748006B0164015E01570151014B014601400143
:10B758003B01360131012C01280123011F011B0186
:10B768001701130110010C01080105010201FE0077
:10B77800FB00F800F500F200F000ED00EA00E80038
:10B78800E500E300E000DE00DC00DA00D800D600C7
:10B79800D300D100D000CE00CC00CA00C800C7003A
:10B7A800C500C300C200C000BE00BD00BB00BA0097
:10B7B800B900B700B600B500B300B200B100B000E0
:10B7C800AE00AD00AC00AB00AA00A900A800A7001D
:10B7D800A600A500A400A300A200A100A0009F004D
:10B7E8009E009D009C009C009B009A009900980078
:10B7F8009800970096009500950094009300930098
:10B8080092009100910090008F008F008E008E00B2
:10B818008D008C008C008B008B008A008A008900C8
:10B8280089008800880087008700860086008500D8
:10B8380085008400840084008300830082008200E5
:10B848008100810081008000800080007F007F00EF
:10B858007E007E007E007D007D007D007C007C00F7
:10B868007C007C007B007B007B007A007A007A00F9
:10B8780079007900790079007800780078007800FC
:10B8880077007700770077007600760076007600FC
:10B8980075007500750075007500740074007400FB
:10B8A80074007400730073007300730073007200F7
:10B8B80072007200720072007100710071007100F4
:10B8C80071007100700070007000700070007000EE
:10B8D80070006F006F006E006A00670064001F0947
:10B8E800300941095209630974098509960900005C
:10B8F800740072006F006D006A00680066006500E1
:10B9080064006300A709B809C909DA09EB09FC0949
:10B918000D0A1E0A2F0A400A510A000000002A0ACE
:10B9280016095C09790ADE096B09D00900000000D4
:10B93800F40DC70D280EB00DC00DF008B10D554E11
:10B948004B0031304D0031324D0031354D0031372B
:10B958004D0032304D0033304D0034304D0038301A
:10B968004D003136304D004F4E0054524950004F73
:10B9780046460044524956450045584954003C0043
:10B988003E0053454C454354004441544100415402
:10B99800553A0046573A00372E30320052464C008E
:10B9A8004452560056444400494444004657440013
:10B9B8005741545453003130300032303000333066
:10B9C8003000343030003530300032300033300051
:10B9D800343000353000564F4C5453003132003269
:10B9E8003400333600343800363000414D505300AF
:10B9F8003135004443503A004566663A0025005305
:10BA080057523A0054454D503A00202020343830DF
:10BA18003020426175642020202000202020393603
:10BA28003030204261756420202020002020203101
:10BA380039323030204261756420202000202020D7
:10BA480033383430302042617564202020002020B3
:10BA580020353736303020426175642020200020A0
:10BA68002031313532303020426175642020200089
:10BA78000D0A003B004E2F4100425950002A59310F
:10BA8800002A59300042414E4420204C20286E485C
:10BA980029204320287046292020205A2020002DC4
:10BAA8002D2D2D2D2D2D2D2D2D2D2D2D2D2D2D2DBE
:10BAB8002D2D2D2D2D2D2D2D003136306D004800CA
:10BAC8002534640038306D0034306D0033306D003B
:10BAD80032306D0031376D0031356D0031326D0017
:10BAE80031306D0054554E4500416E74203100418F
:10BAF8006E742032002A4E31002A4E32004D4F44D7
:10BB08004500414E54004D454E55002A53004641CC
:10BB1800494C454400484920535752004849205051
:10BB28005752004C4F205057520043414E43454C0A
:10BB38000054554E4544002A46002532642E25649B
:10BB48000053544F500054554E494E47002020583A
:10BB5800435652204D4F4445204F4E202000202070
:10BB680020253375206D5365632E2020202000206A
:10BB780052462053656E73696E67204F4E20200031
:10BB88002052462053656E73696E67204F464620E3
:10BB98000020202020204E494748542020202020E3
:10BBA800200020202020204E4F524D414C202020A4
:10BBB800202000202020202020202625632020204F
:10BBC8002020202000204E4F20415454454E5541FE
:10BBD800544F5220200020415454454E5541544F53
:10BBE80052204F5554200020415454454E5541543D
:10BBF8004F5220494E20200020202020202025338D
:10BC08007520202020202020002A4230002A42319E
:10BC1800002A4232002A4233002A4234002A42359E
:10BC2800002A4236002A4237002A4238002A42397E
:10BC3800002A423130004641004946004852004837
:10BC480052424E0048524D44004852414E0048521C
:10BC58005453004300485244530048525654002558
:10BC680032640048524150004852544200485254ED
:10BC780055004852545200485254540048525450A7
:10BC880000256425630048525057004852505725F4
:10BC98006325303364004852535400485253542D9E
:10BCA800253033642D253033642D253033642D251C
:10BCB8003033642D253033642D253033642D253001
:10BCC80033642D253031642D253032642D253031F3
:10BCD800642D2530316425303164253031642530B8
:10BCE80031642530316425303164253031642530A4
:10BCF80031642D004852414100485246570048528D
:10BD0800544D005246204445544543544544204F21
:10BD1800522000524541522050414E454C20434F3D
:10BD28005220005448524553484F4C4420504F54D9
:10BD38002020004D414C2041444A55535445442E3F
:10BD48002020002A490048523530302041545500FF
:10BD58002A5600202020253464206D4100253364B4
:10BD680026256300506D617800496D617800566D35
:10BD7800617800566D696E004F4B00202055706445
:10BD88006174696E67204154552020002A75002A85
:10BD9800433F002A4C3F002A483F002A593F0020D1
:10BDA800202020204E6F6E6520202020202020009B
:10BDB8002052532D48464951202F204951333220D3
:10BDC80000454C45435241465420204B58322F33AE
:10BDD8002000202049434F4D20494337303520204B
:10BDE8002020002059414553552046542D383137DD
:10BDF8002F3820002020454C41442046444D204403
:10BE0800554F2020002020584945475520205843A9
:10BE180056525320200020202020205769434154A7
:10BE280020202020202000204143432042617564C7
:10BE3800205261746520200020202048616E672010
:10BE480054696D652020202000202052462053652B
:10BE58006E73696E67202020200020446973706C1F
:10BE68006179205468656D65202000202054726136
:10BE78006E73636569766572202020002020204D4E
:10BE8800657465722043616C2020202000202020EA
:10BE980054656D7020556E69742020202000202084
:10BEA80020205365742042696173202020200020DF
:10BEB8005553422042617564205261746520200008
:10BEC80020415455204657205570646174652020E0
:10BED800002020496E70757420417474656E2020AE
:02BEE800200038
:00000001FF
